名称,介绍,地址,场景,形态,排名,推荐,描述,标签,相关应用,相关网站,网站质量,访问方式,适用人群,重复,阶梯
Memrise,可以用于学习各国语言和其他课程，区别于传统的生硬的背单词模式，Memrise 使用了非常有效的学习和复习机制，可以有效地提高你的学习效率,https://www.memrise.com/home/,持续学习,应用,,推荐😀,,"学习, 英语, 课程",https://www.notion.so/Memrise-App-437de217b1474aa5b50231406e84cd95,,⭐⭐⭐⭐,直接访问,大众,,
回形针手册,由回形针维护的现代知识手册，内容非常翔实有趣,https://ipaperclip.net/,持续学习,方法,,推荐😀,,手册,,,⭐⭐⭐⭐,直接访问,大众,,
ITSlide,,https://www.itslide.com/,持续学习,资源,,推荐😀,专注于PPT幻灯片的分享平台,"学习, 幻灯片, 课程",,,⭐⭐⭐⭐,直接访问,大众,,
MindTools,,https://www.mindtools.com/,持续学习,信息,,推荐😀,Management Training and Leadership Training,"学习, 方法论",,,⭐⭐⭐⭐,直接访问,大众,,
English Grammar reference,,https://learnenglish.britishcouncil.org/english-grammar-reference,持续学习,方法,,推荐😀,,"学习, 手册, 英语",,,⭐⭐⭐⭐,直接访问,大众,,
Skillshare,Skillshare 是一个在线学习社区，为创意类从业者士提供数千种课程，其主题包括插画，设计，摄影，视频，自由职业等。在Skillshare上，数百万成员聚集在一起寻找灵感并迈出他们的创作旅程的下一步。,https://www.skillshare.com/,持续学习,课程,,推荐😀,Online Classes,"学习, 视频, 课程",,,⭐⭐⭐⭐,代理访问,大众,,
网易云课堂,网易云课堂，提供了很多职业化的课程资源，值得推荐,https://study.163.com/,持续学习,课程,,推荐😀,我的职业课堂,"办公, 课程",,,⭐⭐⭐⭐,直接访问,大众,,
dummies,For Dummies 系列的官网网站，帮助你深入浅出地学习生活、学业和工作所需要的多种课程，让你成为大师,https://www.dummies.com/,持续学习,课程,25,力荐😊,Learning Made Easy,"Cool, 课程, 通用",,,⭐⭐⭐⭐⭐,直接访问,大众,,Top30
CodeCombat,CodeCombat，中文名为极客战记，由网易代理，通过游戏化的方式学习编程，非常适合少儿编程和编程入门,https://codecombat.163.com/,持续学习,课程,,推荐😀,,"入门, 学习, 游戏, 课程",,,⭐⭐⭐⭐,直接访问,大众,,
Learn Anything,一个极为新颖的学习平台，通过社区投票等方式选出最有效的学习路径。利用树形图的结构表现各个主题及其层级关系和关联关系，非常符合人类思维方式,https://learn-anything.xyz/,持续学习,方法,39,力荐😊,"Learn Anything, the platform for knowledge discovery that helps you understand any topic through the most efficient paths, as voted by the community.","Cool, 学习, 方法, 课程",,,⭐⭐⭐⭐⭐,直接访问,大众,,Top50
剑桥在线词典,,https://dictionary.cambridge.org/,持续学习,工具,,推荐😀,,"学习, 英语",,,⭐⭐⭐⭐,直接访问,大众,,
Seeing Theory,Seeing Theory是由 Daniel Kunin在布朗大学Royce奖学金项目的支持下设计和创建的一个项目。该项目的目标是通过交互式可视化，让更多的学生了解统计学。,https://seeing-theory.brown.edu/index.html,持续学习,方法,42,力荐😊,,"Cool, 学习, 知识, 统计学, 课程",,,⭐⭐⭐⭐💡,直接访问,大众,,Top50
Card,,,,,,,,,,,⭐⭐⭐⭐⭐,,,,
Social Media Today,Social Media Today 提供关于社交媒体行业最新发生的原创分析，这些分析都很有见解，尤其适合国际化数字营销领域的同学学习,https://www.socialmediatoday.com/,产品运营,信息,,推荐😀,,"社交媒体, 运营",,,⭐⭐⭐📚,直接访问,专业,,
CarlCheo.com,技术概念、软件技巧和电脑知识,http://carlcheo.com/,效率工具,博客,,尚可🙂,"Technology, Software, and Computer Tips",方法,,,⭐⭐⭐,直接访问,小众,,
VideoScribe,,https://www.videoscribe.co/en,创作设计,工具,,推荐😀,,,,,⭐⭐⭐⭐,直接访问,小众,,
Headlime,只需回答几个问题，Headlime  就能为您生成数百个标题。,https://headlime.io/,创作设计,工具,,推荐😀,"Create Headlines Like Copywriting Experts, Without Writing Them","写作, 自动化",,,⭐⭐⭐⭐💡,直接访问,极客,,
FreeStatisticsBook,,http://onlinestatbook.com/,编程开发,方法,,尚可🙂,,"数据分析, 统计学",,,⭐⭐⭐,直接访问,专业,,
DZone,,https://dzone.com/,编程开发,信息,,推荐😀,"Programming & DevOps news, tutorials & tools","数据分析, 网站",,,⭐⭐⭐⭐,直接访问,专业,,
中国大数据产业观察,,http://www.cbdio.com/node_2570.htm,新闻阅读,新闻,,尚可🙂,,"数据分析, 新闻",,,⭐⭐⭐,直接访问,专业,,
Kaggle,Kaggle 是世界上最大的数据科学社区，拥有强大的工具和资源，帮助你实现数据科学的目标。,https://www.kaggle.com/,编程开发,信息,31,力荐😊,Your Machine Learning and Data Science Community,"数据分析, 数据集, 设计",,,⭐⭐⭐⭐⭐,直接访问,专业,,Top50
NumPy v1.17 Manual,,https://docs.scipy.org/doc/numpy-1.17.0/index.html#,编程开发,工具,,推荐😀,,"Python 生态, 开发文档",,,⭐⭐⭐⭐,直接访问,专业,,
Jupyter-nbviewer,,https://nbviewer.jupyter.org/,编程开发,工具,,推荐😀,,"Python 生态, 开发文档",,,⭐⭐⭐⭐,直接访问,专业,,
JETBRAINS DATALORE,,https://datalore.io/,编程开发,工具,,推荐😀,,"Python 生态, 开发文档",,,⭐⭐⭐⭐,直接访问,专业,,
Plotly,,https://plotly.com/,编程开发,工具,,推荐😀,The front-end for ML and data science models,"Python 生态, 开发文档",,,⭐⭐⭐⭐,直接访问,专业,,
scapinghub,,https://www.scrapinghub.com/data-services/,编程开发,工具,,推荐😀,Web Scraping Services for any size business,"Python 生态, 开发文档",,,⭐⭐⭐⭐,直接访问,专业,,
SearchDataManagement,,https://searchdatamanagement.techtarget.com/,编程开发,信息,,尚可🙂,"Data Management/Data Warehousing information, news and tips","BI, 博客, 开发文档",,,⭐⭐⭐,直接访问,专业,,
Statistical functions (scipy.stats),,https://docs.scipy.org/doc/scipy/reference/stats.html,编程开发,工具,,推荐😀,SciPy v1.5.0 Reference Guide,"Python 生态, 开发文档, 统计学",,,⭐⭐⭐⭐,直接访问,专业,,
scikit-learn: machine learning in Python,,https://scikit-learn.org/stable/index.html,编程开发,工具,,推荐😀,,"Python 生态, 开发文档, 机器学习",,,⭐⭐⭐⭐,直接访问,专业,,
seaborn: statistical data visualization,,http://seaborn.pydata.org/,编程开发,工具,,推荐😀,,"Python 生态, 开发文档",,,⭐⭐⭐⭐,直接访问,专业,,
R Documentation and manuals,,https://www.rdocumentation.org/,编程开发,工具,,推荐😀,,"开发文档, 统计学",,,⭐⭐⭐⭐,直接访问,专业,,
pandas,,https://pandas.pydata.org/,编程开发,工具,,推荐😀,Python Data Analysis Library,"Python 生态, 开发文档",,,⭐⭐⭐⭐,直接访问,专业,,
Bokeh 2.1.1 Documentation,,https://docs.bokeh.org/en/latest/index.html,编程开发,工具,,推荐😀,,"Python 生态, 开发文档",,,⭐⭐⭐⭐,直接访问,专业,,
D3.js,,https://d3js.org/,编程开发,工具,,推荐😀,Data-Driven Documents,"Python 生态, 开发文档",,,⭐⭐⭐⭐,直接访问,专业,,
TensorFlow,,https://www.tensorflow.org/,编程开发,工具,,推荐😀,,"Python 生态, 开发文档, 机器学习",,,⭐⭐⭐⭐,直接访问,专业,,
PyTorch,,https://pytorch.org/,编程开发,工具,,推荐😀,,"Python 生态, 开发文档, 机器学习",,,⭐⭐⭐⭐,直接访问,专业,,
神策数据,,https://www.sensorsdata.cn/auto,产品运营,应用,,推荐😀,大数据用户行为分析产品,"数据分析, 网站",,,⭐⭐⭐⭐,直接访问,大众,,
GrowingIO,,https://www.growingio.com/,产品运营,应用,,推荐😀,硅谷新一代无埋点用户行为数据分析产品,"数据分析, 网站",,,⭐⭐⭐⭐,直接访问,大众,,
全国组织机构统一社会信用代码数据服务中心,,https://www.cods.org.cn/,效率工具,工具,,推荐😀,,政府数据,,,⭐⭐⭐⭐,直接访问,大众,,
re3data.org,,https://www.re3data.org/,编程开发,工具,,推荐😀,Research Data Repositories,数据集,,,⭐⭐⭐⭐,直接访问,专业,,
国家数据：国家统计局,,http://data.stats.gov.cn/index.htm,效率工具,工具,,推荐😀,,"政府数据, 数据分析",,,⭐⭐⭐⭐,直接访问,大众,,
TRADINGECONOMICS.COM,,https://zh.tradingeconomics.com/,新闻阅读,应用,,推荐😀,,"投资, 指数, 经济",,,⭐⭐⭐⭐,直接访问,专业,,
聚合数据-API数据接口,,https://www.juhe.cn/,编程开发,应用,,推荐😀,,"API, 数据集",,,⭐⭐⭐⭐,直接访问,专业,,
The Stanford Open Policing Project,,https://openpolicing.stanford.edu/,编程开发,工具,,推荐😀,,数据集,,,⭐⭐⭐⭐,直接访问,专业,,
Data.europa.eu,,https://data.europa.eu/,编程开发,工具,,推荐😀,,"政府数据, 数据集",,,⭐⭐⭐⭐,直接访问,专业,,
Data.gov,,https://www.data.gov/,编程开发,工具,,推荐😀,,"政府数据, 数据集",,,⭐⭐⭐⭐,代理访问,专业,,
Google Dataset Search,,https://datasetsearch.research.google.com/,编程开发,工具,,推荐😀,,数据集,,,⭐⭐⭐⭐,直接访问,专业,,
国家标准全文公开系统,,http://openstd.samr.gov.cn/bzgk/gb/index,便捷生活,工具,,推荐😀,,政府数据,,,⭐⭐⭐⭐,直接访问,大众,,
"World Development Indicators (WDI) ",,https://datacatalog.worldbank.org/dataset/world-development-indicators,编程开发,工具,,推荐😀,,"指数, 数据集, 经济",,,⭐⭐⭐⭐,直接访问,专业,,
data.world,,https://data.world/,编程开发,工具,,推荐😀,The Cloud-Native Data Catalog,"BI, 数据集",,,⭐⭐⭐⭐,直接访问,专业,,
DataHub,,https://datahub.io/,编程开发,应用,,推荐😀,Frictionless Data,"API, Python 生态, 数据集",,,⭐⭐⭐⭐,直接访问,专业,,
storytelling with data,,http://www.storytellingwithdata.com/,持续学习,信息,,推荐😀,,"博客, 可视化, 设计",,,⭐⭐⭐⭐,直接访问,大众,,
The globe of economic complexity,,http://globe.cid.harvard.edu/,持续学习,信息,,推荐😀,,"Cool, 可视化, 经济",,,⭐⭐⭐⭐,直接访问,专业,,
The Data Visualisation Catalogue,,https://datavizcatalogue.com/,持续学习,方法,,推荐😀,,"可视化, 目录, 设计",,,⭐⭐⭐⭐,直接访问,专业,,
TOP 100 Vizzes,,https://vizification.com/top-100-tableau-public-vizzes-of-all-time,持续学习,资源,,推荐😀,top-100-tableau-public-vizzes-of-all-time,"BI, 可视化, 集锦",,,⭐⭐⭐⭐,直接访问,专业,,
Infographic of the Day,,https://www.fastcompany.com/section/infographic-of-the-day,持续学习,信息,,推荐😀,Prensented by Fast Company,"博客, 可视化, 设计",,,⭐⭐⭐⭐,直接访问,大众,,
Visualistan,,https://www.visualistan.com/,持续学习,信息,,推荐😀,,"信息图, 博客, 可视化, 设计",,,⭐⭐⭐⭐,直接访问,小众,,
Cool Infographics,,https://coolinfographics.com/,持续学习,信息,,推荐😀,,"Cool, 信息图, 博客, 可视化, 设计",,,⭐⭐⭐⭐,直接访问,小众,,
FlowingData,,https://flowingdata.com/,持续学习,信息,,推荐😀,,"博客, 可视化, 设计",,,⭐⭐⭐⭐,直接访问,小众,,
VizWiz,,http://www.vizwiz.com/,持续学习,信息,,尚可🙂,,"BI, 博客, 可视化",,,⭐⭐⭐,直接访问,专业,,
Daily Infographic,,https://www.dailyinfographic.com/,持续学习,信息,,推荐😀,Learn something new everyday,"信息图, 博客, 可视化, 学习, 设计",,,⭐⭐⭐⭐,直接访问,小众,,
Bricoleurbanism,,https://www.bricoleurbanism.org/,持续学习,信息,,尚可🙂,,"博客, 可视化, 地图, 设计",,,⭐⭐⭐❤,直接访问,大众,,
infosthetics.com,,http://infosthetics.com/,持续学习,信息,,尚可🙂,,"博客, 可视化, 设计",,,⭐⭐⭐,代理访问,小众,,
Information is Beautiful,,https://informationisbeautiful.net/,持续学习,信息,,推荐😀,,"信息图, 博客, 可视化, 设计",,,⭐⭐⭐⭐,直接访问,专业,,
Mathematics Stack Exchange,,https://math.stackexchange.com/,持续学习,信息,,推荐😀,,"学习, 数学, 社区",,,⭐⭐⭐⭐,直接访问,专业,,
Photoshop Lady,Photoshop Lady 旨在收集互联网上最好和免费的 PS 教程。这些高质量的PS 教程分为 3D 效果、抽象效果、绘图效果、照片效果、文本效果、纹理和图案以及用户界面设计等类型,http://www.photoshoplady.com/,创作设计,课程,,推荐😀,Top Graphic Content and Most Advanced Stock Image Search Engine,"ps, 博客, 设计, 课程",,,⭐⭐⭐⭐,直接访问,专业,,
Corpus of Contemporary American English (COCA),,https://www.english-corpora.org/coca/,编程开发,资源,,尚可🙂,,"数据集, 语料库",,,⭐⭐⭐,代理访问,小众,,
Linux Network Administrators Guide,,http://tldp.org/LDP/nag2/index.html,编程开发,资源,,推荐😀,,"Linux, 手册, 课程",,,⭐⭐⭐⭐,直接访问,专业,,
极客学院Wiki,,https://wiki.jikexueyuan.com/,编程开发,课程,,尚可🙂,IT 技术图文教程库,"手册, 课程",,,⭐⭐⭐❤,直接访问,大众,,
Lambda School,Lambda School 采用线上直播方式授课，通过可交互编程方式向人们传授在短短 8  个月内开展新职业所需的技术技能。,https://lambdaschool.com/,编程开发,课程,,推荐😀,,课程,,,⭐⭐⭐⭐,代理访问,专业,,
Rafal Tomal,专业 UX 设计师的播客，提供 UX 相关教程、工具和资源，值得推荐,https://rafaltomal.com/,编程开发,课程,,推荐😀,Learn Design and Create Better Websites,"博客, 设计, 课程, 集锦",,,⭐⭐⭐⭐,直接访问,专业,,
How to GraphQL,免费开源的 GraphQL 教程网站，帮助你从入门到精通,https://www.howtographql.com/,编程开发,课程,,推荐😀,The Fullstack Tutorial for GraphQL,"GraphQL, 课程",,,⭐⭐⭐⭐,直接访问,专业,,
W3Schools,世界上最大的前端编程教程网站,https://www.w3schools.com/,编程开发,课程,,推荐😀,Online Web Tutorials,"WEB, 课程",,,⭐⭐⭐⭐,直接访问,专业,,
NodeSchool,Node School 通过教学活动（Workshop）为你提供 Web 开发技能的开源课程，这些活动在世界各地所举行，通常是免费的。这里的所有课程，即使不参加任何活动，也都可以在家自学，而且几乎都可以离线进行学习,https://nodeschool.io/,编程开发,课程,,推荐😀,,"Cool, WEB, 课程",,,⭐⭐⭐⭐,直接访问,专业,,
SQL Server Tutorial,,https://www.sqlservertutorial.net/,编程开发,课程,,尚可🙂,,"SQL, 开发文档, 课程",,,⭐⭐⭐,直接访问,专业,,
SoloLearn,SoloLearn 提供了Java、Python、Html、CSS、JS 等多种语言的专题化的编程课程，非常适合新手学习,https://www.sololearn.com/Courses/,编程开发,课程,,推荐😀," Learn to code for FREE!","娱乐, 社区, 课程",,,⭐⭐⭐⭐,直接访问,大众,,
tutorialspoint,tutorialspoint 是最早的一批编程教程网站，你可以在这里学到编程知识，它始终秉承互联网的初心，任何人可以学习，不要求注册，完全免费。TutorialsPoint — 永远滴神,https://www.tutorialspoint.com/tutorialslibrary.htm,编程开发,课程,26,力荐😊,Free Online Tutorials and Courses,"开发文档, 课程",https://www.notion.so/tutorialspoint-App-fb27c737c29e45e494a2e52abcc4b0dc,,⭐⭐⭐⭐⭐,直接访问,专业,,Top30
Coursera,Coursera 是一个学习网站，提供来自100多个合作伙伴（来自20多个国家的顶尖大学以及非大学合作伙伴）的课程（可以免费查看），并提供经过验证的证书作为有偿选项,https://www.coursera.org/,编程开发,课程,,推荐😀,Build Skills with Online Courses from Top Institutions,"名校, 视频, 课程",,,⭐⭐⭐⭐,直接访问,大众,,
Real Python,Real Python 专注于分享 Python 的相关教程，视频课程，问答，还提供新闻邮件订阅和播客，非常适合 Pythoner 学习,https://realpython.com/,编程开发,课程,,推荐😀,Python Tutorials,"Python 生态, 学习, 课程",,,⭐⭐⭐⭐,直接访问,专业,,
Pluralsight,Pluralsight 是一个通用型课程网站，Pluralsight 与合作伙伴一起，为个人、企业和机构提供付费的技术和创意培训内容（超过3700门课程和13万个视频片段），内容涵盖 IT 管理、编程、网络开发、数据可视化，以及游戏设计、3D动画和视频编辑等，非常全面,https://www.pluralsight.com/,编程开发,课程,,推荐😀," THE Technology Skills Platform","视频, 课程",,,⭐⭐⭐⭐,直接访问,专业,,
优达学城,优达学城帮助用户学习那些硅谷公司所需要的技能，提供免费和收费项目，按月付费，并提供技能认证和纳米学位可以免费获得课程资料（印刷品、视频）。,https://cn.udacity.com/,编程开发,课程,,推荐😀,传授硅谷的名企官方课程,"数据分析, 课程",,,⭐⭐⭐⭐,直接访问,大众,,
Dataquest,类似 Datacamp，也是一个交互式数据科学学习网站,https://www.dataquest.io/,编程开发,课程,,推荐😀,Learn Data Science Online and Build Data Skills,"数据分析, 课程",,,⭐⭐⭐⭐,直接访问,专业,,
OpenIntro,,https://www.openintro.org/index.php,持续学习,课程,,推荐😀,"developer and promoter of educational products that are free, transparent, and lower barriers to education.","学习, 数学, 统计学",,,⭐⭐⭐💡,代理访问,专业,,
DataCamp,Datacamp 是一个交互式数据科学学习网站，提供了相当多的数据科学以及机器学习课程，通过 Career Tracks 和 Skill Tracks 帮学习者设定学习目标，提高学习效率，推荐所有数据科学入门者学习,https://learn.datacamp.com/,编程开发,课程,,推荐😀,,"数据分析, 课程",,,⭐⭐⭐⭐,直接访问,大众,,
菜鸟教程,菜鸟教程，无数程序员的启蒙手册，集成了相当多的编程课程，简单易懂，非常适合新手学习,https://www.runoob.com/,编程开发,课程,,推荐😀,,"开发文档, 课程",,,⭐⭐⭐⭐,直接访问,大众,,
After Hours Programming,,https://www.afterhoursprogramming.com/,编程开发,课程,,尚可🙂,Free Web Development Tutorials,"开发文档, 课程",,,⭐⭐⭐,代理访问,专业,,
Math24,,https://www.math24.net/,持续学习,课程,,尚可🙂,,"博客, 学习, 数学, 课程",,,⭐⭐⭐,代理访问,专业,,
Foundations of Programming,无论你是学生，教育工作者，计算机科学新手还是经验丰富的编码人员，或者对软件工程感兴趣的相关从业者，Google的《技术开发指南》都能为你提供帮助,https://techdevguide.withgoogle.com/paths/foundational/,编程开发,课程,32,力荐😊,Google Tech Dev Guide,"学习, 课程",,,⭐⭐⭐⭐📚,代理访问,大众,,Top50
Statistics Formulas,,https://www.stattrek.com/statistics/formulas.aspx,持续学习,方法,,尚可🙂,,"学习, 数学, 统计学",,,⭐⭐⭐,直接访问,专业,,
DataFlair,,https://data-flair.training/blogs/,编程开发,工具,,推荐😀,,"学习, 课程",,,⭐⭐⭐⭐,直接访问,专业,,
mathportal,,https://www.mathportal.org/index.php,持续学习,信息,,推荐😀,"Free math calculators, formulas, lessons, math tests and homework help","学习, 数学, 社区",,,⭐⭐⭐⭐,直接访问,专业,,
Brilliant,,https://brilliant.org/,持续学习,信息,,推荐😀,Learn to think,"学习, 游戏, 社区",,,⭐⭐⭐⭐,直接访问,小众,,
ResearchGate,,https://www.researchgate.net/,持续学习,资源,,推荐😀,Find and share research,"学习, 研究, 社区, 论文",,,⭐⭐⭐⭐,直接访问,专业,,
Deep Learning Gallery,,http://deeplearninggallery.com/,持续学习,资源,,推荐😀,A curated list of awesome deep learning projects,"学习, 课程, 项目",,,⭐⭐⭐⭐,代理访问,专业,,
SparkNotes,,https://www.sparknotes.com/,持续学习,信息,,尚可🙂,Today's Most Popular Study Guides,"学习, 笔记",,,⭐⭐⭐,代理访问,小众,,
arXiv.org,,https://arxiv.org/,持续学习,资源,,推荐😀,e-Print archive,"学习, 论文",,,⭐⭐⭐⭐,直接访问,专业,,
中国知网,,https://www.cnki.net/,持续学习,资源,,推荐😀,,"学习, 论文",,,⭐⭐⭐⭐,直接访问,专业,,
Guru99,Guru99 是一个相当好的编程学习平台，提供了很多编程教程，Guru99 最特别的一个特性是它,https://www.guru99.com/,编程开发,课程,27,力荐😊,Free Training Tutorials & Video for IT Courses,"学习, 编程, 课程",,,⭐⭐⭐⭐⭐,直接访问,专业,,Top30
Berkeley AI Materials,UC Berkeley  CS188 Intro to AI ( 浅析人工智能 ) 的课程材料，这门课备受好评，声名显赫，值得一看,http://ai.berkeley.edu/course_schedule.html,编程开发,课程,,推荐😀,,"名校, 学习, 课程",,,⭐⭐⭐⭐📚,代理访问,专业,,
Hackr.io,这是一个相当强大的学习平台，集成了很多其他平台的课程资源，社区用户这些课程进行分类和评价，你可以在这里寻找到最好的编程课程和教程。,https://hackr.io/,编程开发,资源,24,力荐😊,Find the best online Programming courses and Tutorials,"编程, 课程",,,⭐⭐⭐⭐⭐,直接访问,专业,,Top30
"站酷 (ZCOOL) ",,https://www.zcool.com.cn/,创作设计,资源,,推荐😀,设计师互动平台 - 打开站酷，发现更好的设计！,"插画, 设计",,,⭐⭐⭐⭐,直接访问,大众,,
Smashfreakz,,https://smashfreakz.com/,创作设计,资源,,尚可🙂,"Design, Web and Inspiration","博客, 设计, 集锦",,,⭐⭐⭐,直接访问,专业,,
UI中国用户体验设计平台,,https://www.ui.cn/,创作设计,信息,,推荐😀,,"UI, 社区, 设计",,,⭐⭐⭐⭐,直接访问,大众,,
Pinterest 100,Pinterest 100 是 Pinterest 的年度报告，展示了即将流行的趋势，其创意涵盖了食品、家居、风格、美容、健康、旅游和家庭等类别。今年，我们将这些趋势分为十个主题，显示了更广泛的文化转变和消费者行为的变化。,https://www.pinterest100.com/en-us/,创作设计,信息,49,力荐😊,The Top Pinterest Trends for 2020,"博客, 设计, 集锦",,,⭐⭐⭐⭐⭐,直接访问,大众,,Top50
Design Pinn,,http://designpinn.com/,创作设计,信息,,一般😐,,"博客, 室内, 设计",,,⭐⭐⭐,直接访问,专业,,
Figma 中文网,,https://figmacn.com/,创作设计,资源,,推荐😀,,"figma, 博客, 设计",,,⭐⭐⭐⭐,直接访问,专业,,
Designer News,,https://www.designernews.co/,创作设计,新闻,,推荐😀,,"新闻, 社区",,,⭐⭐⭐⭐,直接访问,专业,,
25学堂,,https://www.25xt.com/,创作设计,资源,,尚可🙂,,"社区, 设计",,,⭐⭐⭐,直接访问,专业,,
Dribbble,Dribbble 是世界上最好的设计专业人士的家园和圣地，他们在这里寻找和展示创意作品。这是任何一个设计师都应该知道的设计网站。,https://dribbble.com/,创作设计,资源,,力荐😊,Discover the World’s Top Designers & Creative Professionals,"社区, 设计",https://www.notion.so/Dribbble-App-da243470b2a4449ebf69d86b0b996d39,,⭐⭐⭐⭐⭐,直接访问,专业,,
Collect UI,,http://collectui.com/,创作设计,资源,,尚可🙂,"Daily inspiration collected from daily ui archive and beyond. Based on Dribbble shots, hand picked, updating daily.","UX, 博客, 设计",,,⭐⭐⭐,直接访问,专业,,
UXPin,,https://www.uxpin.com/,创作设计,应用,,尚可🙂,UI Design and Prototyping Tool,"UX, 设计",,,⭐⭐⭐💡,代理访问,专业,,
UX Movement,,https://uxmovement.com/,创作设计,信息,,推荐😀,User experience design articles,"UX, 博客, 设计",,,⭐⭐⭐⭐,直接访问,专业,,
UXmatters,,https://www.uxmatters.com/,创作设计,信息,,尚可🙂,Insights and inspiration for the user experience community,"社区, 设计",,,⭐⭐⭐,代理访问,专业,,
1stWebDesigner,,https://1stwebdesigner.com/,创作设计,信息,,尚可🙂," Helping You Build a Better Web - For Web Professionals","博客, 设计",,,⭐⭐⭐,代理访问,专业,,
DesignMunk,,https://designmunk.com/,创作设计,信息,,推荐😀,Best Homepage Design Inspiration,"主页设计, 社区, 设计",,,⭐⭐⭐⭐,直接访问,专业,,
Good Web Design,,http://www.goodweb.design/,创作设计,信息,,推荐😀,,"社区, 设计",,,⭐⭐⭐⭐,代理访问,专业,,
Behance,Behance 是由 Adobe 推出的面向设计师的专业设计社区，这里聚集了许多知名公司的设计团队成员，他们在这里发布和分包括摄影、室内设计、平面设计、插画和图像设计等多种形式的设计作品,https://www.behance.net/,创作设计,信息,,力荐😊,,"社区, 设计",https://www.notion.so/Behance-App-87653788e0f3409e93d68a3985f0695c,,⭐⭐⭐⭐⭐,代理访问,专业,,
视觉me设计社区,,http://shijue.me/,创作设计,信息,,推荐😀,设计师&插画师交流平台！,"插画, 社区, 设计",,,⭐⭐⭐⭐,直接访问,专业,,
UI Movement,,https://uimovement.com/,创作设计,信息,,尚可🙂,"The best UI design inspiration, every day","UI, 动效, 设计",,,⭐⭐⭐,代理访问,专业,,
IMG.work,,http://img.work/site/#,创作设计,信息,,推荐😀,,"导航, 设计",,,⭐⭐⭐⭐,直接访问,专业,,
Medium.design,由 Medium 设计团队维护的博客，有着很多高质量的设计文章分享，值得设计师关注和学习,https://medium.design/,创作设计,信息,38,力荐😊,,"博客, 设计",,,⭐⭐⭐⭐❤,代理访问,专业,,Top50
Panda,Panda 是简单的免费设计新闻阅读器。发现设计和技术领域的最佳工具、资源和灵感。,https://usepanda.com/app/#/,创作设计,信息,50,力荐😊,,"导航, 设计",,,⭐⭐⭐⭐⭐,代理访问,专业,,Top50
UX Booth,,https://www.uxbooth.com/,创作设计,信息,,尚可🙂,,"博客, 设计",,,⭐⭐⭐,代理访问,专业,,
Brandfetch,,https://brandfetch.io/,创作设计,应用,,推荐😀,The Brand Search Engine,"Logo, 设计",,,⭐⭐⭐⭐,直接访问,专业,,
Adioma,,https://adioma.com/,创作设计,应用,,尚可🙂,"Infographic Maker With Timelines, Grids and Icons","信息图, 设计",,,⭐⭐⭐⭐,直接访问,专业,,
Canva,Canva 是一个相当强大同时又非常易用的设计工具，它帮助数以万计的普通人完成美丽的设计,https://www.canva.cn/,创作设计,应用,18,力荐😊,,"设计, 通用",,,⭐⭐⭐⭐💡,直接访问,大众,,Top30
Great Simple Studio,,https://greatsimple.io/,创作设计,工具,,尚可🙂,,"组件, 设计",,,⭐⭐⭐,直接访问,专业,,
AutoDraw,,https://www.autodraw.com/,创作设计,应用,,推荐😀,,"插画, 设计",,,⭐⭐⭐⭐,直接访问,专业,,
Color Scheme Designer,,http://www.peise.net/tools/web/,创作设计,应用,,尚可🙂,,"设计, 配色",,,⭐⭐⭐⭐,直接访问,专业,,
犸良,,https://design.alipay.com/emotion,创作设计,应用,,推荐😀,蚂蚁设计服务平台,"动效, 设计",,,⭐⭐⭐⭐,直接访问,专业,,
Design Systems,,https://www.designsystems.com/,创作设计,工具,,推荐😀,,"博客, 设计, 设计规范",,,⭐⭐⭐⭐,直接访问,专业,,
Design Kit,,https://www.designkit.org/,创作设计,资源,,尚可🙂,,"组件, 设计",,,⭐⭐⭐,代理访问,专业,,
Wirefy,,https://getwirefy.com/,创作设计,工具,,尚可🙂,,设计,,,⭐⭐⭐,直接访问,专业,,
Hongkiat,,https://www.hongkiat.com/blog/,创作设计,信息,,尚可🙂,Tech and Design Tips,"博客, 设计, 课程",,,⭐⭐⭐,直接访问,专业,,
Infogram,,https://infogram.com/,创作设计,工具,,尚可🙂,"Create Infographics, Reports and Maps","信息图, 设计",,,⭐⭐⭐,直接访问,专业,,
免费在线抠图,,https://www.apowersoft.cn/remove-background-online,创作设计,应用,,推荐😀,一键快速去除图片背景,"图片, 设计",,,⭐⭐⭐⭐,直接访问,大众,,
User Experience Guide,这是一个专业 UX 设计师的博客，提供了相当丰富的高质量 UX 教程、资源、工具和模板，推荐 UX 从业关注和学习,https://www.userexperience.guide/,创作设计,课程,,推荐😀,Quality UX Resources,"博客, 设计, 课程",,,⭐⭐⭐⭐,直接访问,专业,,
iOS Design Kit,,https://iosdesignkit.io/ios-13-gui/,创作设计,资源,,尚可🙂,Library of iOS app templates and UI elements — iOS 13 GUI,"组件, 设计",,,⭐⭐⭐,直接访问,专业,,
Froala,,https://froala.com/design-blocks,创作设计,工具,,推荐😀,Design Blocks,"组件, 设计",,,⭐⭐⭐⭐,直接访问,专业,,
优设网配色工具,,https://color.uisdc.com/,创作设计,应用,,推荐😀,,"设计, 配色",,,⭐⭐⭐⭐,直接访问,专业,,
Builder,Builder 是一个具有强大的拖放式可视化编辑器 CMS 网站，让您以快速和灵活的方式构建、优化和衡量数字体验。,https://www.builder.io/,创作设计,应用,,尚可🙂,Drag and Drop Page Building for Any Tech Stack,设计,,,⭐⭐⭐💡,直接访问,专业,,
TinyPNG,,https://tinypng.com/,创作设计,应用,,推荐😀,Compress PNG images while preserving transparency,"图片, 设计",,,⭐⭐⭐⭐,直接访问,专业,,
Design Apple Developer,,https://developer.apple.com/design/,创作设计,方法,,推荐😀,,"设计, 设计规范",,,⭐⭐⭐⭐,直接访问,专业,,
Sketch Extensions,,https://www.sketch.com/extensions/,创作设计,工具,,推荐😀,,"sketch, 设计",,,⭐⭐⭐⭐,直接访问,专业,,
Material Design,谷歌 Material Design 设计规范的官网，提供对于 MD 风格的说明、基线和最佳实践，安卓开发者必看,https://material.io/design,创作设计,方法,,推荐😀,,"设计, 设计规范",,,⭐⭐⭐⭐,代理访问,专业,,
DesignBetter.Co,,https://www.designbetter.co/,创作设计,工具,,推荐😀,Discover the world's best design practices,"设计, 资源",,,⭐⭐⭐⭐,代理访问,专业,,
Adobe Color,,https://color.adobe.com/zh/create/color-wheel,创作设计,工具,,尚可🙂,色輪、調色盤產生器,"设计, 配色",,,⭐⭐⭐,直接访问,专业,,
Microsoft Design,,https://www.microsoft.com/design/fluent/#/,创作设计,方法,,推荐😀,,"设计, 设计规范",,,⭐⭐⭐⭐,直接访问,专业,,
Trianglify.io,,https://trianglify.io/,创作设计,工具,,尚可🙂,Low Poly Pattern Generator,"工具, 设计",,,⭐⭐⭐💡,代理访问,专业,,
Adobe XD 资源,,https://www.adobe.com/cn/products/xd/resources.html,创作设计,资源,,尚可🙂,免费的 UI 设计套件、图标和插件,"XD, 设计",,,⭐⭐⭐,直接访问,专业,,
Graffletopia,,https://www.graffletopia.com/,创作设计,资源,,尚可🙂,Awesome OmniGraffle stencils,"omnigraffle, 设计",,,⭐⭐⭐📚,代理访问,专业,,
Sketch App Sources,,https://www.sketchappsources.com/,创作设计,资源,,尚可🙂,"Free design resources and plugins ,Icons, UI Kits, Wireframes, iOS, Android Templates for Sketch","sketch, 设计",,,⭐⭐⭐,代理访问,专业,,
Open Peeps,,https://www.openpeeps.com/,创作设计,资源,,推荐😀,Hand-Drawn Illustration Library,"插画, 设计",,,⭐⭐⭐❤,直接访问,专业,,
PixelBuddha,,https://pixelbuddha.net/,创作设计,资源,,尚可🙂,"Psd, premium icons & free web design resources for designers","设计, 通用",,,⭐⭐⭐,代理访问,专业,,
Freebiebucket,,http://freebiebucket.com/,创作设计,工具,,推荐😀,Curated Products and Resources For Makers,"应用, 设计",,,⭐⭐⭐⭐,直接访问,专业,,
UI/UX Assets,,https://uiuxassets.com/assets/,创作设计,资源,,尚可🙂,,"设计, 通用",,,⭐⭐⭐,代理访问,专业,,
DesignerMill,,https://www.designermill.com/,创作设计,资源,,推荐😀,Collection of Best Free Design Resources,"设计, 通用",,,⭐⭐⭐⭐💡,代理访问,专业,,
Stenciltown,,https://stenciltown.omnigroup.com/,创作设计,资源,,尚可🙂,,"omnigraffle, 设计",,,⭐⭐⭐📚,直接访问,专业,,
Designmodo,,https://designmodo.com/,创作设计,工具,,推荐😀,Grow Your Business with Our Website and Email Builders,设计,,,⭐⭐⭐❤,直接访问,专业,,
PSD Repo,,https://psdrepo.com/,创作设计,资源,,推荐😀,"Free PSD. +12,800 Photoshop Templates","ps, 设计, 通用",,,⭐⭐⭐⭐,代理访问,专业,,
Sketch Repo,,https://sketchrepo.com/,创作设计,资源,,推荐😀," Free Sketch App Resources","sketch, 设计, 通用",,,⭐⭐⭐⭐,代理访问,专业,,
Freebiesbug,,https://freebiesbug.com/,创作设计,资源,,推荐😀,Free Resources for Designers and Developers,"设计, 通用",,,⭐⭐⭐⭐,直接访问,专业,,
Creative VIP,,https://creativevip.net/resources/,创作设计,资源,,尚可🙂,,"设计, 资源",,,⭐⭐⭐,代理访问,专业,,
Figma Resources,,https://www.figmaresources.com/,创作设计,资源,,尚可🙂,,"figma, 设计",,,⭐⭐⭐,直接访问,专业,,
UXFLOW.PRO,,https://uxflow.pro/,创作设计,资源,,尚可🙂,Free UX Flowchart kit for Sketch/Figma,"组件, 设计",,,⭐⭐⭐,直接访问,专业,,
http://graphicdesignjunction.com/,,http://graphicdesignjunction.com/,创作设计,资源,,推荐😀,"Graphic Design, Free Fonts, Resume Templates, Business Cards, Logos, Mockups, Photoshop Tutorials","设计, 通用",,,⭐⭐⭐⭐,直接访问,专业,,
Brusheezy,,https://www.brusheezy.com/,创作设计,资源,,推荐😀,Free Photoshop Brushes,"笔刷, 设计",,,⭐⭐⭐⭐,直接访问,专业,,
CSS Author,,https://cssauthor.com/,创作设计,资源,,尚可🙂,"Web Design Resources, Freebies, Articles & More...","设计, 资源",,,⭐⭐⭐,代理访问,专业,,
Template.net,,https://www.template.net/,效率工具,资源,,推荐😀,Free Templates,"办公, 模板, 通用",,,⭐⭐⭐⭐,直接访问,大众,,
Platforma Wireframe Kit,,https://platforma.ws/,创作设计,资源,,推荐😀,,"组件, 设计",,,⭐⭐⭐⭐,直接访问,专业,,
Free Mesh Gradient Collection,,https://www.ls.graphics/meshgradients,创作设计,资源,,一般😐,,"设计, 配色",,,⭐⭐⭐,直接访问,专业,,
Logobook,,http://www.logobook.com/,创作设计,资源,,推荐😀,"Discover the worlds finest logos, symbols and trademarks","Logo, 设计",,,⭐⭐⭐⭐,直接访问,专业,,
Picular,堪称配色搜索界的谷歌，输入任何词，然后获得推荐的配色信息,https://picular.co/,创作设计,工具,29,力荐😊,"Google, but for colors","搜索引擎, 设计, 配色",,,⭐⭐⭐⭐⭐,直接访问,大众,,Top30
Iconfont,,https://www.iconfont.cn/,创作设计,资源,,推荐😀,阿里巴巴矢量图标库,"图标, 设计",,,⭐⭐⭐⭐,直接访问,大众,,
Material Palette,,https://www.materialpalette.com/yellow/blue,创作设计,应用,,一般😐,Material Design Color Palette Generator,"设计, 配色",,,⭐⭐⭐,直接访问,专业,,
365cons,,http://www.365cons.com/,创作设计,资源,,尚可🙂," A Daily Icon Diary","图标, 设计",,,⭐⭐⭐💡,代理访问,小众,,
pixellove,,https://www.pixellove.com/browse/line/simple/,创作设计,资源,,一般😐,2500 line icons for designers and developers,"图标, 设计",,,⭐⭐⭐,代理访问,小众,,
Color Hunt,,https://colorhunt.co/,创作设计,应用,,推荐😀,Color Palettes for Designers and Artists,"设计, 配色",,,⭐⭐⭐⭐,直接访问,大众,,
Coolors,从数千种美丽的配色方案中获得灵感，制作一些酷炫的设计!,https://coolors.co/palettes/trending,创作设计,应用,,推荐😀,Trending color palettes,"设计, 配色",,,⭐⭐⭐❤,直接访问,大众,,
Humaaans,Humaaans是一个免费的查图库，可以混合和匹配的人的插图。你可以自定义他们的位置、服装、颜色和发型。,https://www.humaaans.com/,创作设计,资源,47,力荐😊,Mix-&-Match illustration library,"插画, 设计",,,⭐⭐⭐⭐⭐,直接访问,大众,,Top50
GlazeStock.com,,https://www.glazestock.com/,创作设计,资源,,推荐😀,,"插画, 设计",,,⭐⭐⭐⭐,直接访问,专业,,
ColorDrop,,https://colordrop.io/,创作设计,应用,,尚可🙂,,"设计, 配色",,,⭐⭐⭐💡,代理访问,专业,,
Illustration Gallery by ManyPixels,,https://www.manypixels.co/gallery/,创作设计,资源,,推荐😀,Open-Source Editable Illustrations,"插画, 设计",,,⭐⭐⭐⭐,直接访问,专业,,
Unsplash,Unsplash 提供无数照片资源可供免费下载，其中 Public Domain Pictures 可供完全商用,https://unsplash.com/images/stock/public-domain,创作设计,资源,10,力荐😊,,"免费, 图片, 设计",,,⭐⭐⭐⭐⭐,直接访问,大众,,Top10
WebGradients.com 💎,WebGradients是一个免费的180个线性渐变的集合，你可以在你的网站的任何部分使用这些渐变色彩背景。轻松复制 CSS3 跨浏览器代码并在瞬间使用它！,https://webgradients.com/,创作设计,资源,,推荐😀,Fresh Background Gradients,"设计, 配色",,,⭐⭐⭐⭐,直接访问,专业,,
"DeviantArt ",DeviantArt是世界上最大的艺术家和艺术爱好者的在线社交社区，让人们通过创作和分享艺术进行交流。,https://www.deviantart.com/,创作设计,资源,46,力荐😊,Discover The Largest Online Art Gallery and Community,"插画, 设计",,,⭐⭐⭐⭐❤,代理访问,专业,,Top50
icons8.com,Icons 8 提供无数的图片、照片、质量图和其他免费设计素材，同时还提供了桌面应用以便用户随时使用,https://icons8.com/,创作设计,资源,23,力荐😊,"Download free icons, music, stock photos, vectors","免费, 图标, 设计",,,⭐⭐⭐⭐⭐,直接访问,大众,,Top30
flaticon,,https://www.flaticon.com/,创作设计,资源,,推荐😀,"SVG, PSD, PNG, EPS & Icon Font - Thousands of free icons","图标, 设计",,,⭐⭐⭐⭐,直接访问,专业,,
Icon Ninja,,https://www.iconninja.com/,创作设计,资源,,推荐😀,33350 vector icons and 700081 png icons for free download,"图标, 设计",,,⭐⭐⭐⭐,直接访问,大众,,
wallhaven.cc,,https://wallhaven.cc/,创作设计,资源,,推荐😀,Awesome Wallpapers,"图片, 设计",,,⭐⭐⭐⭐,直接访问,大众,,
Fontjoy,,https://fontjoy.com/,创作设计,应用,,推荐😀,Generate font pairings in one click,"字体, 设计",,,⭐⭐⭐⭐,直接访问,专业,,
Logolix,,http://logolix.com/,创作设计,资源,,推荐😀,Free Logo Designs for Your Projects,"Logo, 设计",,,⭐⭐⭐⭐,直接访问,专业,,
Feather Icons,,https://feathericons.com/,创作设计,资源,,推荐😀,Simply beautiful open source icons,"图标, 设计",,,⭐⭐⭐⭐,代理访问,专业,,
RandomFont,,https://randomfont.com/,创作设计,资源,,尚可🙂,,"字体, 设计",,,⭐⭐⭐,直接访问,专业,,
Google 趋势,,https://trends.google.com/trends/,产品运营,工具,,推荐😀,,"数据分析, 网站",,,⭐⭐⭐⭐,代理访问,大众,,
Walling,,https://walling.app/web,效率工具,应用,,推荐😀,,"办公, 笔记, 通用",https://www.notion.so/Walling-97829fc035e0424cad2b90dca1696093,,⭐⭐⭐⭐,直接访问,大众,,
APM,,https://www.apm.org.uk/,产品运营,资源,,推荐😀,The Chartered Body For The Project Profession,"产品, 工具",,,⭐⭐⭐⭐,直接访问,大众,,
productboard,,https://www.productboard.com/,产品运营,工具,,推荐😀,Product Management Software,"产品, 应用",,,⭐⭐⭐⭐,直接访问,大众,,
Miro,Miro 的使用可无限放大的画布和网络白板来推动概念设计和协作。Miro 提供了相当丰富的图表模板和插件，帮助用户产出伟大的创意,https://miro.com/app/dashboard/,创作设计,应用,6,力荐😊,Online Whiteboard for Visual Collaboration,"办公, 图表, 通用",https://www.notion.so/Miro-045e4f487aa048c891503ed03e0b8fc4,,⭐⭐⭐⭐⭐,直接访问,大众,,Top10
墨刀,,https://modao.cc/,产品运营,应用,,推荐😀,远程办公好帮手 在线产品原型设计与协作平台,"UX, 产品, 设计",https://www.notion.so/099830ebe1e94273bbe6e1144ac12b54,,⭐⭐⭐⭐,直接访问,专业,,
KnowFlow,,https://www.knowflow.io/about,效率工具,应用,,推荐😀,,"办公, 图表, 通用",https://www.notion.so/KnowFlow-97181393303e4ef8be25d35cdfb81da4,,⭐⭐⭐⭐,直接访问,小众,,
APICloud,,https://www.apicloud.com/,产品运营,工具,,推荐😀,手机APP开发、APP制作技术专家 - 中国领先低代码开发平台,"产品, 低代码",,,⭐⭐⭐⭐,直接访问,大众,,
Axure Keyboard Shortcuts,,https://docs.axure.com/axure-rp/reference/keyboard-shortcuts/,产品运营,方法,,推荐😀," Axure Docs","产品, 开发文档, 快捷键",,,⭐⭐⭐⭐,直接访问,专业,,
Whimsical Flowcharts,,https://whimsical.com/,效率工具,应用,,推荐😀,,"办公, 图表, 通用",https://www.notion.so/Whimsical-e4cf9d1e998442a18fe013ce5c6ccaaa,,⭐⭐⭐⭐,直接访问,小众,,
BlueTree.ai,,https://bluetree.ai/,产品运营,应用,,尚可🙂,Powerful Content Marketing & PR Services,"SEO, 产品, 运营",,,⭐⭐⭐💡,直接访问,小众,,
InVision,,https://www.invisionapp.com/,产品运营,应用,,推荐😀,"Digital product design, workflow & collaboration","UX, 产品, 设计","https://www.notion.so/InVision-6fa800c881174cfd9e66a4029620f8e2, https://www.notion.so/InVision-eea935586f874c859c903bb24381fdb6",,⭐⭐⭐⭐,直接访问,专业,,
Mockuuups Studio,,https://mockuuups.studio/,产品运营,应用,,尚可🙂,Instant Mockup Generator,"UX, 产品, 设计","https://www.notion.so/Mockuuups-Studio-4050310a59604d8d93ad15ab61db162f, https://www.notion.so/Mockuuups-Studio-92b6a02590214d50a474cf0b7044be1a",,⭐⭐⭐❤,代理访问,大众,,
Lorem Ipsum,,https://loremipsum.io/,产品运营,应用,,推荐😀,"Generator, Origins and Meaning","产品, 工具",,,⭐⭐⭐⭐,直接访问,小众,,
"Hunter ",Hunter 让你在几秒钟内找到目标公司的电子邮件地址，并快速联系对你的业务有重要影响的人。,https://hunter.io/,效率工具,应用,,推荐😀,Find email addresses in seconds,邮件,,,⭐⭐⭐⭐,代理访问,专业,,
Explain Everything,,https://explaineverything.com/,效率工具,工具,,推荐😀,Interactive Whiteboard with Real-Time Collaboration,"办公, 图表, 通用",,,⭐⭐⭐⭐,直接访问,大众,,
Webiny.com,,https://www.webiny.com/serverless-app/headless-cms/,编程开发,应用,,推荐😀,Serverless Headless CMS - Open Source,产品,,,⭐⭐⭐⭐,直接访问,专业,,
http://online.visual-paradigm.com/,,https://online.visual-paradigm.com/diagrams/,产品运营,工具,,尚可🙂,Online Diagram Software & Chart Solution,"办公, 图表, 通用",,,⭐⭐⭐📚,直接访问,专业,,
The Digital Project Manager,,https://thedigitalprojectmanager.com/,产品运营,工具,,推荐😀,"Get Competent, Confident & Connected In Our PM Community","产品, 博客, 课程",,,⭐⭐⭐⭐,直接访问,大众,,
Mixpanel,,https://mixpanel.com/,产品运营,工具,,推荐😀,"Product Analytics for Mobile, Web, & More","产品, 数据分析",,,⭐⭐⭐⭐,直接访问,大众,,
DronaHQ,,https://www.dronahq.com/,产品运营,工具,,尚可🙂,No Code App Development Platform,"产品, 低代码",,,⭐⭐⭐,代理访问,专业,,
plantUML,,https://plantuml.com/,产品运营,工具,,推荐😀,Open-source tool that uses simple textual descriptions to draw beautiful UML diagrams.,"产品, 图表, 建模",,,⭐⭐⭐⭐,直接访问,专业,,
Creately,,https://creately.com/,效率工具,应用,,推荐😀,"Chart, Diagram & Visual Canvas Software","办公, 图表, 通用",,,⭐⭐⭐⭐,代理访问,大众,,
Roadmap.space,,https://roadmap.space/,产品运营,工具,,尚可🙂,Customer Feedback & Product Management Software,"产品, 产品管理",,,⭐⭐⭐❤,代理访问,大众,,
onroadmap.com,,https://www.onroadmap.com/,产品运营,工具,,推荐😀,Visual prioritisation software for remote teams,"产品管理, 通用",,,⭐⭐⭐⭐,直接访问,大众,,
Plectica,,https://www.plectica.com/,效率工具,应用,,推荐😀,,"办公, 图表, 通用",https://www.notion.so/Plectica-82a1772fb73f47f798ac5bdb018050c0,,⭐⭐⭐⭐,直接访问,大众,,
MockFlow,,https://mockflow.com/,产品运营,应用,,尚可🙂,"Online Wireframe Tools, Prototyping Tools, Design tool, UI Mockups, UX Suite, Remote design collaboration, UX Planning","产品, 图表",https://www.notion.so/MockFlow-1089d1361bca4a188483711fdbddd8e1,,⭐⭐⭐,代理访问,大众,,
Lattice,,https://lattice.com/,产品运营,应用,,尚可🙂,People Management | Performance and Engagement Software,"产品, 设计",,,⭐⭐⭐⭐,直接访问,专业,,
Gitter,,https://gitter.im/,编程开发,应用,,尚可🙂,Where developers come to talk,"产品, 社区",,,⭐⭐⭐💡,代理访问,专业,,
摹客,,https://www.mockplus.cn/,产品运营,应用,,尚可🙂,让设计和协作更快更简单,"产品, 设计",https://www.notion.so/fd007daca0254ef3a49567f1c84e37ab,,⭐⭐⭐,直接访问,大众,,
Zenkit,,https://zenkit.com/,产品运营,工具,,推荐😀,Online Project Management,"产品管理, 通用",,,⭐⭐⭐⭐,直接访问,大众,,
Teambition,可能是国内最好的项目管理软件，一直在进步，非常好用,https://www.teambition.com/,产品运营,应用,15,力荐😊,团队协作工具创导者,"产品管理, 通用",https://www.notion.so/Teambition-50f45f4159144c499e1482b26168e640,,⭐⭐⭐⭐💡,直接访问,大众,,Top30
Supernova Studio,,https://supernova.io/,产品运营,应用,,尚可🙂,The World's First Design to Code Platform,"产品, 设计",https://www.notion.so/Supernova-Studio-d705e8aaa2c645c880458ab11031cbb9,,⭐⭐⭐⭐,直接访问,专业,,
Welcome To UML Web Site!,,https://www.uml.org/index.htm,产品运营,信息,,尚可🙂,,"产品, 建模",,,⭐⭐⭐,代理访问,专业,,
Product Frameworks,产品经理所需要知道的产品框架。包括了相关资源和技术的集合，帮助产品经理创造更好的产品。,https://www.product-frameworks.com/,产品运营,方法,48,力荐😊,Product management techniques and best practices,"产品, 建模",,,⭐⭐⭐⭐⭐,直接访问,专业,,Top50
Software Product Management Stack,,https://www.softwareproductmanagement.co/,产品运营,方法,,推荐😀,,"产品, 建模",,,⭐⭐⭐⭐,直接访问,专业,,
CXL Institute,,https://cxl.com/institute/free-courses/,产品运营,工具,,尚可🙂,Free Digital Marketing Courses,"产品, 运营",,,⭐⭐⭐,直接访问,专业,,
PM Starter Pack,产品经理入门包给你一个实用的行动计划，告诉你如何进入产品行业。产品经理是当今需求量最大的技术工作之一，但要出类拔萃需要很多知识,https://pmstarterpack.com/,产品运营,方法,43,力荐😊,,"产品, 建模, 检查列表",,,⭐⭐⭐⭐⭐,直接访问,大众,,Top50
Modeling Languages,,https://modeling-languages.com/,产品运营,工具,,尚可🙂,"Latest news, tools and research reports","产品, 建模",,,⭐⭐⭐❤,代理访问,大众,,
Product Management Definition and Examples,,https://www.aha.io/roadmapping/guide/product-management,产品运营,课程,,推荐😀,,"产品, 产品管理, 建模",,,⭐⭐⭐⭐,直接访问,大众,,
App Launch Checklist,,https://branch.io/resources/app-launch-checklist/,产品运营,方法,,推荐😀,,"产品, 产品管理",,,⭐⭐⭐⭐,直接访问,专业,,
Scrum中文网,,https://www.scrumcn.com/agile/scrum-knowledge-library.html,产品运营,资源,,推荐😀,Scrum资料 ，敏捷开发资料，Scrum实践集知识库,"产品, 产品管理",,,⭐⭐⭐⭐,直接访问,专业,,
I Manage Products,,https://imanageproducts.com/category/general/100-things-ive-learned/,产品运营,资源,,推荐😀,100 Things I’ve Learned,"UX, 产品, 建模",,,⭐⭐⭐⭐,直接访问,大众,,
visual-paradigm.com,,https://www.visual-paradigm.com/guide/,产品运营,资源,,尚可🙂,"FREE Learning Resources: UML, Agile, TOGAF, PMBOK, BPMN","产品, 建模",,,⭐⭐⭐,代理访问,专业,,
Product Management Tools,,https://www.productschool.com/productverse/#tools,产品运营,方法,,推荐😀,by Product School,"产品, 产品管理",,,⭐⭐⭐⭐,直接访问,专业,,
Modern Analyst,,https://www.modernanalyst.com/Home.aspx,产品运营,工具,,尚可🙂,Business Analyst/Business Analysis Community & Resources,"产品, 数据分析, 运营",,,⭐⭐⭐,代理访问,专业,,
Supermetrics blog,,https://supermetrics.com/blog,产品运营,课程,,推荐😀,Learn (almost) everything you need to know about marketing reporting and analytics.,"产品, 数据分析, 运营",,,⭐⭐⭐⭐,直接访问,大众,,
SmartDraw,,https://www.smartdraw.com/,创作设计,工具,,尚可🙂,"Create Flowcharts, Floor Plans, and Other Diagrams on Any Device","产品, 图表, 设计",,,⭐⭐⭐,直接访问,专业,,
Lucidchart,,https://www.lucidchart.com/pages/,效率工具,应用,,推荐😀,Online Diagram Software & Visual Solution,"产品, 图表",https://www.notion.so/Lucidchart-5a67cceec3a04f85bc3119d522ea12f6,,⭐⭐⭐⭐,直接访问,专业,,
UX Project Checklist,,https://uxchecklist.github.io/,产品运营,方法,,推荐😀,,"产品, 检查列表",,,⭐⭐⭐⭐,直接访问,专业,,
omg.org-UML2.5,,https://www.omg.org/spec/UML/2.5/Beta2/,产品运营,工具,,尚可🙂,About the Unified Modeling Language Specification Version 2.5 beta 2,"产品, 建模",,,⭐⭐⭐,直接访问,专业,,
Online Optimizers,,http://onlineoptimizers.eu/,产品运营,工具,,推荐😀,independent source for analytics & optimization,"数据分析, 网站",,,⭐⭐⭐⭐,直接访问,大众,,
AxShare,,http://share.axure.org/,产品运营,工具,,推荐😀,国内原型托管平台,"产品, 工具",,,⭐⭐⭐⭐,直接访问,专业,,
Marketing91,,https://www.marketing91.com/,产品运营,信息,,推荐😀,Marketing blog for students and professionals,"博客, 运营",,,⭐⭐⭐⭐,直接访问,大众,,
Growth.design,,https://growth.design/case-studies/,产品运营,信息,,推荐😀,Growth20 UX Case Studies To Improve Your Product Skills,"UX, 产品, 博客",,,⭐⭐⭐⭐❤,代理访问,专业,,
Smashing Magazine,,https://www.smashingmagazine.com/,产品运营,信息,,推荐😀,For Web Designers And Developers,"UX, 产品, 博客",,,⭐⭐⭐⭐,直接访问,大众,,
PMCAFF,,https://www.pmcaff.com/site/selection,产品运营,信息,,推荐😀,产品爱好者学习交流社区，专注互联网产品研究,"产品, 社区",,,⭐⭐⭐⭐,直接访问,大众,,
新榜,,https://www.newrank.cn/,产品运营,工具,,推荐😀,内容产业服务平台,"创业, 数据分析, 运营",,,⭐⭐⭐⭐,直接访问,大众,,
Mountain Goat Software,,https://www.mountaingoatsoftware.com/,产品运营,工具,,尚可🙂,,"产品, 建模",,,⭐⭐⭐,代理访问,专业,,
Growth Marketing Guide,,https://www.julian.com/guide/growth/intro,产品运营,方法,,推荐😀,Advanced Tactics and Hacks,"产品, 社区, 运营",,,⭐⭐⭐⭐,直接访问,专业,,
PM Interview Questions,,https://www.productmanagementexercises.com/,效率工具,方法,,推荐😀,The Largest List of Product Manager Interview Questions,"产品, 模拟面试",,,⭐⭐⭐⭐,直接访问,大众,,
Clearly Product,,http://www.clearlyproduct.com/,产品运营,信息,,尚可🙂,,产品,,,⭐⭐⭐,代理访问,小众,,
Case Study Club,,https://www.casestudy.club/case-studies,产品运营,信息,,推荐😀,Best UX Design Case Study Collection in 2020,"UX, 产品",,,⭐⭐⭐❤,直接访问,专业,,
爱运营,,https://www.iyunying.org/,产品运营,信息,,推荐😀,网站运营人员学习交流，专注于网站产品运营管理、淘宝运营,"社区, 运营",,,⭐⭐⭐⭐,直接访问,大众,,
Usability Geek,,https://usabilitygeek.com/,产品运营,信息,,推荐😀,,"UX, 产品, 社区",,,⭐⭐⭐💡,直接访问,专业,,
Roadmap.com,,https://www.roadmap.com/,产品运营,信息,,尚可🙂,The #1 community for product teams,"产品, 社区",,,⭐⭐⭐❤,代理访问,大众,,
人人都是产品经理,,http://www.woshipm.com/,产品运营,信息,,推荐😀,产品经理、产品爱好者学习交流平台,"产品, 社区",,,⭐⭐⭐⭐,直接访问,大众,,
DevOps.com,,https://devops.com/,编程开发,信息,,尚可🙂,,博客,,,⭐⭐⭐,直接访问,专业,,
Techopedia,"Techopedia 是您获得专业 IT 洞察力和灵感的首选技术来源，此外，我们还不知疲倦地为任何以 ""极客 ""为荣的人提供他们所需的信息和娱乐内容。",https://www.techopedia.com/,编程开发,信息,,推荐😀,Educating IT Professionals To Make Smarter Decisions,"社区, 编程",,,⭐⭐⭐⭐,直接访问,专业,,
HTML CSS JavaScript,HTML、CSS 和 JavaScript 是前端最基础的语言，该网站免费提供了这三大语言的学习课程和工具，帮助开发者快速学习和参考，非常适合新手学习,https://html-css-js.com/,编程开发,课程,,推荐😀,The Client-Side Of The Web,"开发文档, 课程",,,⭐⭐⭐⭐,代理访问,专业,,
Uppy 0.22,,https://uppy.io/,编程开发,组件,,推荐😀,"Preact, Form, Improved Dashboard, Custom Stores — Uppy","工具, 开发文档",,,⭐⭐⭐💡,直接访问,专业,,
pyecharts,,https://pyecharts.org/#/zh-cn/intro,编程开发,组件,,推荐😀,A Python Echarts Plotting Library,"Python 生态, 可视化, 开发文档",,,⭐⭐⭐⭐❤,直接访问,专业,,
The Blaze Ecosystem,,http://blaze.pydata.org/,编程开发,工具,,推荐😀,,"Python 生态, 开发文档, 数据分析",,,⭐⭐⭐⭐,直接访问,专业,,
Intermediate Python,,https://book.pythontips.com/en/latest/index.html,编程开发,课程,,推荐😀,Python Tips 0.1 documentation,"Python 生态, 博客",,,⭐⭐⭐📚,直接访问,专业,,
DevDocs,DevDocs 将多个开发者文档结合在一个简洁有序的Web UI中，具有即时搜索、离线支持、移动版、暗色主题、键盘快捷键等功能，非常强大,https://devdocs.io/,编程开发,应用,22,力荐😊,,"工具, 开发文档",,,⭐⭐⭐⭐⭐,直接访问,专业,,Top30
Cross Validated,,https://stats.stackexchange.com/,持续学习,信息,,推荐😀,,"社区, 统计学",,,⭐⭐⭐⭐,直接访问,专业,,
three.js,,https://threejs.org/,编程开发,组件,,推荐😀,JavaScript 3D library,"工具, 开发文档",,,⭐⭐⭐💡,直接访问,专业,,
Odoo User Documentation,,https://www.odoo.com/documentation/user/13.0/,编程开发,组件,,推荐😀,Odoo 13.0 documentation,"工具, 开发文档",,,⭐⭐⭐💡,直接访问,专业,,
"Practical Business Python ",,https://pbpython.com/,编程开发,信息,,尚可🙂,,社区,,,⭐⭐⭐,直接访问,专业,,
机器之心SOTA,,https://www.jiqizhixin.com/sota,编程开发,资源,,尚可🙂,,"Python 生态, 数据集",,,⭐⭐⭐,直接访问,专业,,
OutSystems Blog,,https://www.outsystems.com/blog/,编程开发,信息,,尚可🙂,,博客,,,⭐⭐⭐,直接访问,专业,,
REST API Tutorial,RestApiTutorial  致力于寻找和发现 REST API最佳实践，并提供相关资源，帮助开发者能够快速参考和自我教育。,https://www.restapitutorial.com/,编程开发,课程,,推荐😀,,课程,,,⭐⭐⭐⭐,直接访问,专业,,
SyntaxDB,,https://syntaxdb.com/,编程开发,工具,,推荐😀,Programming Syntax Database,"工具, 开发文档",,,⭐⭐⭐📚,代理访问,专业,,
SQL Tutorial,这个网站专注于提供 SQL 的教程，讲解详细，内容实用，非常适合新手入门，如果你要从零开始学习 SQL，它是绝佳的选择,https://www.sqltutorial.org/,编程开发,课程,,推荐😀,Essential SQL For The Beginners,课程,,,⭐⭐⭐⭐,直接访问,专业,,
Refactoring and Design Patterns,,https://refactoring.guru/,编程开发,信息,,推荐😀,,社区,,,⭐⭐⭐📚,直接访问,专业,,
Programiz,Programiz 提供面向新手的教程和示例，像阅读文章一样阅读教程和示例并按照提示编写代码，非常的新手友好，推荐新手学习,https://www.programiz.com/,编程开发,课程,,推荐😀,Learn to Code for Free,课程,,,⭐⭐⭐⭐💡,代理访问,专业,,
Glitch,,https://glitch.com/,编程开发,信息,,尚可🙂,,社区,,,⭐⭐⭐,代理访问,专业,,
Meltano,,https://meltano.com/,编程开发,组件,,推荐😀,open source data pipelines,"Python 生态, 开源",,,⭐⭐⭐⭐,代理访问,专业,,
DEV Community,DEV Community 致力于让每个人成为更好的开发者。无论你是刚毕业的小白，刚刚学习代码，还是经验丰富的行业老手，这里都有适合每个人的东西。祝你编码愉快!,https://dev.to/,编程开发,信息,40,力荐😊,,"学习, 社区, 编程",,,⭐⭐⭐⭐❤,直接访问,专业,,Top50
Kur,,https://kur.deepgram.com/,编程开发,组件,,推荐😀,Descriptive Deep Learning — Kur 0.6.0 documentation,"工具, 开发文档",,,⭐⭐⭐💡,直接访问,专业,,
GitHub,GitHub 汇聚了全球最大的开发者社区，以发现、分享和构建更好的软件。GitHub，永远滴神,https://github.com/,编程开发,信息,5,力荐😊,,"学习, 社区, 编程",,,⭐⭐⭐⭐⭐,直接访问,通用,,Top10
Cacoo,,https://cacoo.com/,效率工具,应用,,尚可🙂,Online Diagram and Flowchart Software,图表,,,⭐⭐⭐,代理访问,大众,,
Good Mail Copy,,https://www.goodemailcopy.com/,效率工具,资源,,推荐😀,Email copy from great companies,"创业, 邮件",,,⭐⭐⭐⭐,直接访问,大众,,
OfficePLUS,微软官方的 Office 免费模板网站，主题丰富，内容广泛，值得收藏,http://www.officeplus.cn/Template/Home.shtml,效率工具,资源,,推荐😀,微软Office官方在线模板网站！,"Office, 免费, 模板",,,⭐⭐⭐⭐❤,直接访问,大众,,
BDP,,https://me.bdp.cn/home.html,效率工具,应用,,推荐😀,免费在线数据分析软件，数据可视化软件,"BI, 可视化",https://www.notion.so/BDP-198558aa97084f85b4b7fd4ba7d630f3,,⭐⭐⭐⭐,直接访问,大众,,
Excel网络函数库,,http://www.excelapi.net/,效率工具,资源,,尚可🙂,,Office,,,⭐⭐⭐❤,直接访问,大众,,
Big Interview,,https://biginterview.com/,效率工具,工具,,推荐😀,Get The Best Job Interview Preparation System Today,"工作, 模拟面试",,,⭐⭐⭐⭐,直接访问,大众,,
优品PPT,,http://www.ypppt.com/,效率工具,资源,,推荐😀,PPT模板免费下载_精美免费PPT模板下载,"Office, 模板",,,⭐⭐⭐⭐,直接访问,大众,,
Tipsographic,,https://www.tipsographic.com/,产品运营,应用,,尚可🙂,Free Agile tools • Online Kanban board • Remote work resources and more,产品,,,⭐⭐⭐⭐,直接访问,专业,,
BusinessDictionary,,http://www.businessdictionary.com/,效率工具,方法,,推荐😀,Online Business Dictionary,"商业, 手册",,,⭐⭐⭐⭐,直接访问,大众,,
Smallpdf.com,,https://smallpdf.com/cn,效率工具,应用,,推荐😀,您所有PDF问题的免费解决方案,"PDF, 应用",,,⭐⭐⭐⭐,直接访问,大众,,
Pramp,,https://www.pramp.com/#/,效率工具,工具,,推荐😀,Practice Mock Interviews & Coding Problems - Land Top Jobs,"工作, 模拟面试",,,⭐⭐⭐⭐,直接访问,大众,,
We Work Remotely,,https://weworkremotely.com/,效率工具,资源,,推荐😀,"Remote jobs in design, programming, marketing and more","工作, 远程办公",,,⭐⭐⭐⭐,代理访问,小众,,
Remoteok.io,,https://remoteok.io/,效率工具,资源,,尚可🙂,"Remote Jobs: Developer, Design, Marketing and more","工作, 远程办公",,,⭐⭐⭐,直接访问,小众,,
Remotive.io,,https://remotive.io/,效率工具,资源,,推荐😀,"Remote Jobs in Programming, Support, Design and more","工作, 远程办公",,,⭐⭐⭐⭐,直接访问,小众,,
Jobo,,https://www.jobbot.me/,效率工具,应用,,推荐😀,The Job Hunter Bot,"工作, 爬虫",,,⭐⭐⭐⭐,直接访问,大众,,
FlowCV,,https://flowcv.io/,效率工具,工具,,尚可🙂,Free Online Resume Builder and Resume Templates,"工作, 模板, 简历",,,⭐⭐⭐❤,代理访问,大众,,
Pathrise,,https://www.pathrise.com/guides/how-to-get-a-job-at-company,效率工具,工具,,尚可🙂,How to get your dream job in tech: 100+ company guides,工作,,,⭐⭐⭐❤,代理访问,大众,,
易词云,,http://yciyun.com/,创作设计,应用,,尚可🙂,,"工具, 设计",,,⭐⭐⭐,直接访问,大众,,
novoresume,,https://novoresume.com/resume-templates,效率工具,工具,,推荐😀,Free Resume Templates,"工作, 模板, 简历",,,⭐⭐⭐⭐,直接访问,大众,,
Gartner Peer Insights,,https://www.gartner.com/reviews/home,产品运营,信息,,尚可🙂,Enterprise IT Software Reviews,评价,,,⭐⭐⭐,直接访问,专业,,
考试资料网,,https://www.ppkao.com/,持续学习,资源,,一般😐,考试试题_考试题库_找答案就上考试资料网,学习,,,⭐⭐⭐,直接访问,大众,,
ZenHub,,https://www.zenhub.com/,产品运营,工具,,推荐😀,Agile Project Management for GitHub,"产品, 工具",,,⭐⭐⭐💡,直接访问,专业,,
ProcessOn,,https://www.processon.com/,效率工具,应用,,推荐😀,"Create diagrams, Flowchart, Mindmap online in real-time!","办公, 工具",,,⭐⭐⭐⭐,直接访问,大众,,
在线Mobi阅读器,,https://mobi.online-reader.com/zh-cn/,便捷生活,应用,,推荐😀,,应用,,,⭐⭐⭐⭐,直接访问,小众,,
Import.io,,https://www.import.io/product/,编程开发,应用,,推荐😀,,"Python 生态, 数据分析, 爬虫",,,⭐⭐⭐⭐,直接访问,专业,,
iFixit,,https://zh.ifixit.com/,便捷生活,课程,,推荐😀,免费修理手册,"工具, 通用",,,⭐⭐⭐⭐,直接访问,大众,,
The PC Insider,,https://www.thepcinsider.com/,便捷生活,技巧,,推荐😀,,"工具, 通用",,,⭐⭐⭐📚,直接访问,专业,,
Sheety,,https://sheety.co/,编程开发,应用,,推荐😀,Turn your Google Sheet into an API,方法,,,⭐⭐⭐⭐,直接访问,专业,,
Lifehack,,https://www.lifehack.org/,便捷生活,方法,,推荐😀,The University of Life,"手册, 通用",,,⭐⭐⭐⭐,直接访问,大众,,
Home Assistant,,https://www.home-assistant.io/,便捷生活,方法,,尚可🙂,,"应用, 智能家居",,,⭐⭐⭐,直接访问,大众,,
Software Advice,,https://www.softwareadvice.com/,便捷生活,信息,,推荐😀,Business Software Reviews,应用,,,⭐⭐⭐⭐,直接访问,大众,,
书伴,,https://bookfere.com/,便捷生活,应用,,推荐😀,为静心阅读而生,"媒体, 应用, 阅读",,,⭐⭐⭐⭐,直接访问,大众,,
Automate.io,,https://automate.io/,便捷生活,应用,,推荐😀,Work Super Smart,"方法, 通用",,,⭐⭐⭐⭐,直接访问,大众,,
Mapbox,,https://www.mapbox.com/,便捷生活,应用,,推荐😀,,"工具, 通用",,,⭐⭐⭐⭐,直接访问,大众,,
Clippings.io,,https://my.clippings.io/#/,便捷生活,应用,,推荐😀,Export your Kindle Highlights with Clippings.io,"工具, 阅读",,,⭐⭐⭐⭐,直接访问,小众,,
wikiHow,wikiHow 是一个通用性的教程网站，这里聚集了来自世界各地的回答者，通过分享自己经验和技巧，帮助任何需要帮助的人。 wiKiHow 有着相当严格的内容审核体系，每一个你看到的回答和教程可能平均经历 23 个人的编辑和 16个人的审阅，以保证内容的正确性和实用性。,https://www.wikihow.com/Main-Page,便捷生活,课程,30,力荐😊,How-to instructions you can trust,"手册, 通用",,,⭐⭐⭐⭐📚,直接访问,大众,,Top30
G2 Stack,,https://stack.g2.com/,产品运营,工具,,推荐😀,Level up sales and marketing with high-res tech stack data,"产品, 工具, 运营",,,⭐⭐⭐⭐,直接访问,大众,,
SimilarWeb,SimilarWeb 是一个相当专业的网站评估工具，借助它你可以查看网站的访问信息、收入信息甚至是竞争对手的信息，堪称数字运营界的神器,https://www.similarweb.com/zh/,产品运营,工具,16,力荐😊,网站流量统计&分析,"产品, 工具, 数据分析, 评估, 运营",,,⭐⭐⭐⭐⭐,直接访问,专业,,Top30
Cytoscape,,https://cytoscape.org/,编程开发,应用,,推荐😀,An Open Source Platform for Complex Network Analysis and Visualization,"Python 生态, 可视化",,,⭐⭐⭐⭐,直接访问,专业,,
职友集,,https://www.jobui.com/,便捷生活,信息,,推荐😀,发现和了解你未来的雇主,"工作, 工具",,,⭐⭐⭐⭐,直接访问,大众,,
Site Search 360,,https://www.sitesearch360.com/,产品运营,工具,,推荐😀,"Custom site search | A smart on-site search that adapts to your needs | ",运营,,,⭐⭐⭐⭐,直接访问,专业,,
UseTheKeyboard,收录集合了很多应用，软件，工具和网站的快捷键的网站，堪称效率届的神器,https://usethekeyboard.com/,便捷生活,方法,12,力荐😊,"A collection of keyboard shortcuts for Mac apps, Windows programs, and websites","工具, 通用",,,⭐⭐⭐⭐⭐,直接访问,大众,,Top30
ScienceDirect.com,,https://www.sciencedirect.com/,持续学习,信息,,尚可🙂,"Science, health and medical journals, full text articles and books","学习, 科学",,,⭐⭐⭐⭐,直接访问,专业,,
TinEye,以图搜图的图片识别搜索引擎,https://tineye.com/,创作设计,应用,,推荐😀,Reverse Image Search,"图片, 工具, 设计",,,⭐⭐⭐⭐,代理访问,大众,,
和鲸社区,,https://www.kesci.com/,新闻阅读,方法,,推荐😀,数据科学网站，类似 kaggle,"数据分析, 数据集",,,⭐⭐⭐⭐,直接访问,专业,,
Page,,,,,,,,,,,,,,,
Google News,,https://news.google.com/topstories?hl=en-US&gl=US&ceid=US:en,新闻阅读,新闻,,推荐😀,,新闻,,,⭐⭐⭐❤,直接访问,大众,,
投资界,,https://www.pedaily.cn/,新闻阅读,新闻,,尚可🙂,中国创业与投资专业门户,新闻,,,⭐⭐⭐,直接访问,专业,,
Mode Blog,,https://mode.com/blog/,编程开发,信息,,尚可🙂,,"SQL, 博客",,,⭐⭐⭐,直接访问,小众,,
cnBeta.COM,,https://www.cnbeta.com/,新闻阅读,新闻,,尚可🙂," 中文业界资讯站",新闻,,,⭐⭐⭐❤,直接访问,大众,,
InboxReads,,https://inboxreads.co/,便捷生活,资源,,推荐😀," Find The Best Email Newsletters For Any Topic","新闻, 订阅",,,⭐⭐⭐⭐,直接访问,大众,,
Web Developer技能树,,http://skill.phodal.com/,编程开发,方法,,尚可🙂,,"Cool, 游戏, 编程",,,⭐⭐⭐,直接访问,小众,,
SYFY WIRE,,https://www.syfy.com/,新闻阅读,新闻,,推荐😀,"Science Fiction, Fantasy, Horror News","新闻, 社区, 科幻, 科技",,,⭐⭐⭐❤,直接访问,小众,,
EngFluent,,https://engfluent.com/blog/,持续学习,信息,,推荐😀,"English Learning Blog by EngFluent ","Cool, 博客, 学习, 英语",,,⭐⭐⭐⭐,直接访问,大众,,
HowStuffWorks,,https://www.howstuffworks.com/,便捷生活,信息,,推荐😀," Learn How Everything Works!","博客, 方法, 通用",,,⭐⭐⭐⭐,直接访问,大众,,
图表家,,https://www.tubiaojia.com/home,便捷生活,工具,,尚可🙂,最专业技术图表策略平台,"投资, 数据分析",,,⭐⭐⭐,直接访问,专业,,
图说设计模式,,https://design-patterns.readthedocs.io/zh_CN/latest/,编程开发,课程,,尚可🙂,Graphic Design Patterns,"书籍, 博客, 编程",,,⭐⭐⭐❤,直接访问,专业,,
虎嗅网,,https://www.huxiu.com/,新闻阅读,新闻,,推荐😀,,新闻,,,⭐⭐⭐❤,直接访问,大众,,
"简书 ",,https://www.jianshu.com/,新闻阅读,新闻,,推荐😀,创作你的创作,"博客, 新闻, 社区",,,⭐⭐⭐⭐,直接访问,大众,,
ThoughtWorks洞见,,https://insights.thoughtworks.cn/,新闻阅读,信息,,尚可🙂,,"Cool, 博客",,,⭐⭐⭐,直接访问,专业,,
Indie Hackers,,https://www.indiehackers.com/,新闻阅读,新闻,,尚可🙂,Work Together to Build Profitable Online Businesses,"商业, 新闻, 科技",,,⭐⭐⭐,直接访问,专业,,
Investopedia,Investopedia 用通俗易懂的语言提供了常见金融术语的定义，即使是初学者也能理解。,https://www.investopedia.com/,新闻阅读,新闻,20,力荐😊,"Sharper insight, better investing.","投资, 新闻",,,⭐⭐⭐⭐⭐,直接访问,专业,,Top30
财新网,,http://www.caixin.com/,新闻阅读,新闻,,尚可🙂,原创财经新媒体,"商业, 新闻, 财经",,,⭐⭐⭐❤,直接访问,大众,,
环球科学,,https://huanqiukexue.com/,新闻阅读,新闻,,尚可🙂,“科学美国人”中文版,"新闻, 杂志",,,⭐⭐⭐❤,直接访问,大众,,
Tom's Guide,,https://www.tomsguide.com/,便捷生活,信息,,推荐😀,"Tech Product Reviews, Top Picks and How To",导购,,,⭐⭐⭐⭐,,大众,,
美团技术团队,,https://tech.meituan.com/,编程开发,信息,,推荐😀,,"博客, 编程",,,⭐⭐⭐⭐,直接访问,专业,,
第一财经,,https://www.yicai.com/,新闻阅读,新闻,,推荐😀,专业创造价值,"商业, 新闻, 财经",,,⭐⭐⭐❤,直接访问,大众,,
中国电子银行网,,https://www.cebnet.com.cn/,新闻阅读,新闻,,尚可🙂,,"新闻, 金融",,,⭐⭐⭐❤,直接访问,大众,,
少数派,,https://sspai.com/,新闻阅读,信息,,推荐😀,,"Cool, 应用",,,⭐⭐⭐⭐,直接访问,大众,,
IT之家,,https://www.ithome.com/,新闻阅读,新闻,,推荐😀,数码，科技，生活,"商业, 新闻, 科技",,,⭐⭐⭐❤,直接访问,大众,,
i黑马,,http://www.iheima.com/,新闻阅读,新闻,,尚可🙂,创业创新服务平台,"创业, 新闻",,,⭐⭐⭐❤,直接访问,大众,,
MIT Technology Review,,https://www.technologyreview.com/,新闻阅读,新闻,,推荐😀,,"商业, 新闻, 科技",,,⭐⭐⭐⭐,直接访问,小众,,
《参考消息》官方网站,,http://www.cankaoxiaoxi.com/,新闻阅读,新闻,,推荐😀,参考消息电子版_参考消息报,新闻,,,⭐⭐⭐⭐,直接访问,大众,,
Literate Programming,,http://www.literateprogramming.com/,编程开发,信息,,尚可🙂,,"Cool, 博客, 编程",,,⭐⭐⭐💡,直接访问,小众,,
果壳,,https://www.guokr.com/,新闻阅读,新闻,,推荐😀,科技有意思,"商业, 新闻, 科技",,,⭐⭐⭐⭐,直接访问,大众,,
FT中文网,,http://www.ftchinese.com/,新闻阅读,新闻,,推荐😀,全球财经精粹,"商业, 新闻, 财经, 金融",,,⭐⭐⭐⭐,直接访问,大众,,
Stack Overflow,Stack Overflow 是一个开放的社区，推荐所有程序员使用。它可以帮助用户获得最棘手的编码问题的答案，或者分享自己的知识。,https://stackoverflow.com/,编程开发,信息,11,力荐😊,"Where Developers Learn, Share, & Build Careers","学习, 社区, 编程",,,⭐⭐⭐⭐⭐,直接访问,专业,,Top30
财经网,,http://www.caijing.com.cn/,新闻阅读,新闻,,尚可🙂,,"商业, 新闻, 财经",,,⭐⭐⭐❤,直接访问,大众,,
inc.com,,https://www.inc.com/,新闻阅读,新闻,,尚可🙂,Small Business Ideas and Resources for Entrepreneurs,"商业, 新闻",,,⭐⭐⭐❤,直接访问,大众,,
广场 · 看云,,https://www.kancloud.cn/explore,持续学习,信息,,尚可🙂,,"博客, 学习, 课程, 阅读",,,⭐⭐⭐,直接访问,专业,,
jnd.org,,https://jnd.org/,创作设计,信息,,尚可🙂,交互设计大师唐·诺曼个人博客,"Cool, 博客, 设计",,,⭐⭐⭐,代理访问,小众,,
未央网,,https://www.weiyangx.com/,新闻阅读,新闻,,推荐😀," 专注金融科技与创新","新闻, 财经, 金融",,,⭐⭐⭐⭐,直接访问,大众,,
钛媒体,,https://www.tmtpost.com/,新闻阅读,新闻,,推荐😀,专业无止境,"商业, 新闻, 科技",,,⭐⭐⭐❤,直接访问,大众,,
选股宝,,https://xuangubao.cn/,投资商业,新闻,,推荐😀,选题材抓龙头，就用选股宝,"投资, 新闻, 财经",,,⭐⭐⭐⭐,直接访问,专业,,
InfoQ,,https://www.infoq.cn/,新闻阅读,新闻,,推荐😀,促进软件开发及相关领域知识与创新的传播,"新闻, 社区, 科技",,,⭐⭐⭐⭐,直接访问,专业,,
Hacker News,Hacker News 是一个专注于计算机和创业的新闻网站。它由 Y Combinator 运营。一般来说，可以提交的内容被定义为 「任何能满足一个人智力好奇心的东西」,https://news.ycombinator.com/news,新闻阅读,新闻,,推荐😀,,"商业, 新闻, 科技",https://www.notion.so/Hacker-News-App-c551f3c291104064967210b0686c55df,,⭐⭐⭐⭐,代理访问,极客,,
Engadget 中国版,,http://cn.engadget.com/,新闻阅读,新闻,,推荐😀," 消费性电子产品新闻和评测",新闻,,,⭐⭐⭐❤,直接访问,大众,,
爱范儿,"国内聚焦创新及消费科技领域的线上第一媒体
我们倾注自己的努力，打造全方位及体系化的产品及服务
帮助人们更好地获得科技带来的改变和乐趣。",https://www.ifanr.com/,新闻阅读,新闻,,推荐😀," 让未来触手可及","商业, 新闻, 科技",,,⭐⭐⭐⭐💡,直接访问,大众,,
36氪,36氪通过全面，独家的视角为用户深度剖析最前沿的资讯，致力于让一部分人先看到未来，内容涵盖快讯，科技，金融，投资，房产，汽车，互联网,https://www.36kr.com/,新闻阅读,新闻,,推荐😀,让一部分人先看到未来,新闻,,,⭐⭐⭐⭐📚,直接访问,大众,,
CNMO,,http://www.cnmo.com/,新闻阅读,新闻,,尚可🙂,专业.有趣的科技新媒体,"商业, 新闻, 科技",,,⭐⭐⭐❤,直接访问,大众,,
创头条,,http://www.ctoutiao.com/,新闻阅读,新闻,,尚可🙂,创业好新闻一网打尽,"创业, 新闻, 财经",,,⭐⭐⭐❤,直接访问,大众,,
Business Insider,,https://www.businessinsider.com/,投资商业,新闻,,推荐😀,,新闻,,,⭐⭐⭐⭐📚,直接访问,专业,,
Turing Finance,,http://www.turingfinance.com/,投资商业,新闻,,推荐😀,,"新闻, 金融",,,⭐⭐⭐💡,直接访问,专业,,
每经网,,http://www.nbd.com.cn/,新闻阅读,新闻,,推荐😀,新闻决定影响力 |《每日经济新闻》报社旗下网站,"新闻, 财经",,,⭐⭐⭐⭐,直接访问,大众,,
好奇心日报,,http://www.qdaily.com/,新闻阅读,新闻,,推荐😀,好奇驱动你的世界,"商业, 新闻, 科技",,,⭐⭐⭐⭐,直接访问,大众,,
极客公园,,http://www.geekpark.net/,新闻阅读,新闻,,推荐😀,推动商业新变量,"商业, 新闻, 科技",,,⭐⭐⭐⭐,直接访问,大众,,
雷锋网,,https://www.leiphone.com/,新闻阅读,新闻,,推荐😀,读懂智能&未来,"商业, 新闻, 科技",,,⭐⭐⭐⭐,直接访问,大众,,
Cult of Mac,,https://www.cultofmac.com/,便捷生活,信息,,尚可🙂,Tech and culture through an Apple lens,"应用, 科技",,,⭐⭐⭐,代理访问,小众,,
萝卜投研,,https://robo.datayes.com/,新闻阅读,新闻,,推荐😀,智能股票投研,"投资, 新闻",,,⭐⭐⭐📚,直接访问,专业,,
Futurism,通过 Futurism 发现最新的科技新闻和视频，了解正在塑造未来世界的突破性成果。,https://futurism.com/,新闻阅读,新闻,35,力荐😊,Science and Technology News and Videos,"新闻, 科技",,,⭐⭐⭐⭐⭐,直接访问,专业,,Top50
金评媒,,http://www.jpm.cn/,新闻阅读,新闻,,尚可🙂,互联网金融媒体,"投资, 新闻, 金融",,,⭐⭐⭐📚,直接访问,专业,,
Inside,Inside 是一个邮件订阅网站，你可以按照主题选择订阅，这里有你所需要的趋势、新闻和链接，让你变得聪明、知情和领先,https://inside.com/,新闻阅读,方法,34,力荐😊,"Real news, curated by real humans","新闻, 科技, 订阅, 通用",,,⭐⭐⭐⭐⭐,直接访问,专业,,Top50
创造者日报,,https://creatorsdaily.com/,新闻阅读,信息,,推荐😀,类似Product Hunt,"产品, 应用, 社区",,,⭐⭐⭐⭐,直接访问,小众,,
visuwords,,https://visuwords.com/,持续学习,应用,,推荐😀,,"Cool, 学习, 英语",,,⭐⭐⭐⭐,直接访问,大众,,
ValueWalk,,https://www.valuewalk.com/,新闻阅读,新闻,,尚可🙂,,"投资, 新闻, 金融",,,⭐⭐⭐💡,直接访问,专业,,
The World Economic Forum,世界经济论坛是一个致力于推动公私合作的国际组织。论坛汇聚政界、商界等社会各界重要领袖，共同制定全球、区域和行业议程。「只有汇聚各行各业有影响力、有动力推动积极变革的人士，我们才能取得进步。」,https://cn.weforum.org/,投资商业,新闻,36,力荐😊,,"新闻, 经济",,,⭐⭐⭐⭐⭐,直接访问,通用,,Top50
Product Hunt,Product Hunt 每天都会收集最好的新产品，发现大家都在谈论的最新移动应用、网站和科技产品。Product Hunt 现在已经成为用户最关注的工具类新产品的分发途径,https://www.producthunt.com/,新闻阅读,信息,2,力荐😊,The best new products in tech,"Cool, 产品, 创业, 博客, 应用, 社区, 设计",,,⭐⭐⭐⭐⭐,直接访问,通用,,Top10
零壹财经,,https://www.01caijing.com/index.htm,新闻阅读,新闻,,推荐😀,新金融，知识服务机构,"新闻, 金融",,,⭐⭐⭐⭐,直接访问,专业,,
与非网,,https://www.eefocus.com/,新闻阅读,新闻,,尚可🙂,中国领先的电子技术门户网站,"新闻, 科技",,,⭐⭐⭐📚,直接访问,专业,,
Medium,与大多数网站的泥沙俱下不同，Medium 是互联网中的一股清流，它始终专注于分享高质量的内容，正如 Medium 自己所说 ：「 我们的唯一目的是帮助你找到引人注目的想法、知识和观点。我们不做广告，我们服务于你，好奇的读者」,https://medium.com/,新闻阅读,新闻,9,力荐😊,Get smarter about what matters to you.,"博客, 新闻, 社区, 阅读",,,⭐⭐⭐⭐⭐,代理访问,大众,,Top10
IoT ONE,,https://www.iotone.com/,新闻阅读,新闻,,尚可🙂,,"IOT, 新闻, 科技",,,⭐⭐⭐,直接访问,专业,,
PlanMoreTrips,,https://planmoretrips.com/,便捷生活,工具,,推荐😀,Cheap Flight Deals From Any Airport Worldwide,旅行,,,⭐⭐⭐⭐,直接访问,大众,,
Fandom,,https://www.fandom.com/,便捷生活,信息,,尚可🙂,,"娱乐, 阅读",,,⭐⭐⭐⭐,直接访问,小众,,
Cool Math Games,,https://www.coolmathgames.com/,便捷生活,应用,,尚可🙂,"Free Online Math Games, Cool Puzzles, and More","游戏, 益智",,,⭐⭐⭐,直接访问,大众,,
Tripadvisor,,https://www.tripadvisor.com/,便捷生活,工具,,推荐😀,"Read Reviews, Compare Prices & Book","旅行, 生活",,,⭐⭐⭐⭐,直接访问,大众,,
Dilbert by Scott Adams,,https://dilbert.com/,便捷生活,信息,,尚可🙂,,"娱乐, 阅读",,,⭐⭐⭐,代理访问,大众,,
Nomad List,,https://nomadlist.com/,便捷生活,工具,,推荐😀,Best Places to Live and Work Remotely,旅行,,,⭐⭐⭐⭐,直接访问,大众,,
The Metropolitan Museum of Art,,https://www.metmuseum.org/,便捷生活,信息,,推荐😀,,艺术,,,⭐⭐⭐⭐,直接访问,大众,,
Den of Geek,,https://www.denofgeek.com/,便捷生活,信息,,推荐😀,"Cult TV, Movies, Games & Comics Reviewed","娱乐, 阅读",,,⭐⭐⭐⭐,直接访问,小众,,
RomsMania.cc,收录了大部分旧世代主机和掌机游戏(Retro Games) ROM 资源，复古游戏玩家的圣地,https://romsmania.cc/,休闲娱乐,资源,51,力荐😊,All ROMs,"复古, 游戏",,,⭐⭐⭐⭐⭐,直接访问,小众,,
Imgur,,https://imgur.com/,便捷生活,信息,,推荐😀,The magic of the Internet,"娱乐, 艺术",,,⭐⭐⭐⭐,代理访问,大众,,
MindGames.com,,https://www.mindgames.com/,便捷生活,应用,,推荐😀,Free Online Mind Games,"游戏, 益智",,,⭐⭐⭐⭐,直接访问,大众,,
The Oatmeal,,https://theoatmeal.com/,便捷生活,信息,,推荐😀,Comics by Matthew Inman,"娱乐, 阅读",,,⭐⭐⭐⭐,代理访问,大众,,
Open Culture,,http://www.openculture.com/,便捷生活,信息,,尚可🙂,The best free cultural & educational media on the web,阅读,,,⭐⭐⭐,代理访问,大众,,
Lumosity Brain Training,,https://www.lumosity.com/en/,便捷生活,应用,,推荐😀,Challenge & Improve Your Mind,益智,https://www.notion.so/Lumosity-App-d09fd1de3b7742d0b706508f90d81b41,,⭐⭐⭐⭐,代理访问,大众,,
Trustpilot Reviews,,https://www.trustpilot.com/,便捷生活,信息,,推荐😀,Experience the power of customer reviews,"导购, 应用",,,⭐⭐⭐⭐,直接访问,大众,,
Forgotten Books,,https://www.forgottenbooks.com/en,便捷生活,资源,,推荐😀,,书籍,,,⭐⭐⭐⭐,直接访问,大众,,
YYeTs 人人影视,,http://www.rrys2020.com/,休闲娱乐,资源,,推荐😀,字幕组官方下载站,影视,,,⭐⭐⭐⭐,直接访问,大众,,
The Online Books Page,,http://onlinebooks.library.upenn.edu/,便捷生活,资源,,推荐😀,,书籍,,,⭐⭐⭐⭐,直接访问,大众,,
书格,,https://new.shuge.org/,便捷生活,资源,,推荐😀,,书籍,,,⭐⭐⭐⭐,直接访问,大众,,
异次元软件世界,,https://www.iplaysoft.com/,便捷生活,资源,,推荐😀,软件改变生活,"导购, 应用",,,⭐⭐⭐⭐,直接访问,大众,,
WinSite,,https://www.winsite.com/,便捷生活,资源,,尚可🙂,"The place for shareware, demoware, trialware, tips, and utilities for your computer",应用,,,⭐⭐⭐⭐,直接访问,小众,,
Jiumo Search 鸠摩搜索,,https://www.jiumodiary.com/,便捷生活,信息,,推荐😀,文档搜索引擎,书籍,,,⭐⭐⭐⭐,直接访问,大众,,
Shortcuts Gallery,,https://shortcuts.sspai.com/,便捷生活,信息,,推荐😀,少数派出品,应用,,,⭐⭐⭐⭐,直接访问,大众,,
Manybooks,,https://manybooks.net/,便捷生活,资源,,推荐😀,"50,000+ Free eBooks in the Genres you Love",书籍,,,⭐⭐⭐⭐,直接访问,大众,,
Mac玩儿法,分享和推荐一些有趣的 Mac 软件应用和使用技巧，时不时也会有一些促销活动,https://www.waerfa.com/,便捷生活,信息,,尚可🙂,"Mac软件评测,Mac软件推荐,Mac软件下载, iOS/Web/硬件/数码周边",应用,,,⭐⭐⭐💡,直接访问,小众,,
Useit 知识库,,https://www.useit.com.cn/,便捷生活,资源,,推荐😀,从基础到前沿,研报,,,⭐⭐⭐⭐,直接访问,大众,,
高清杂志网,,http://www.gqzzw.com/,便捷生活,资源,,尚可🙂,,书籍,,,⭐⭐⭐,直接访问,大众,,
Slant,,https://www.slant.co/,便捷生活,信息,,尚可🙂,Choose the best,"导购, 应用",,,⭐⭐⭐,直接访问,大众,,
互联网数据资讯网-199IT,,http://www.199it.com/newly,新闻阅读,资源,,推荐😀,中文互联网数据研究资讯中心-199IT,研报,,,⭐⭐⭐📚,直接访问,大众,,
小众软件,小众软件立志于解决一件简单的事情：该如何选择程序。 我们给出的建议是：从上面找一款合适的。 我们的另外一个私心是：每当有人问起推荐软件的时候，能提供这样一个页面，就全部解决问题，省事。,https://www.appinn.com/,便捷生活,资源,,推荐😀,分享免费、小巧、实用、有趣、绿色的软件,应用,,,⭐⭐⭐📚,直接访问,小众,,
史蒂芬周的博客,一个知名的软件资源博主,http://www.sdifen.com/,便捷生活,资源,,尚可🙂,软硬兼施，娱乐共享,"博客, 应用",,,⭐⭐⭐📚,直接访问,小众,,
IT eBooks,一个收录极为完善的电子书资源分享平台，专注于提供正版书籍和相关资源，非常值得推荐,https://it-ebooks.info/,便捷生活,资源,41,力荐😊,Free Download - New Releases,"书籍, 正版",,,⭐⭐⭐⭐📚,代理访问,专业,,Top50
Best Free Pro Software With Keyz,,https://freeprosoftz.com/,便捷生活,资源,,一般😐,,应用,,,⭐⭐⭐,代理访问,大众,,
Softpedia,,https://www.softpedia.com/,便捷生活,资源,,推荐😀,Free Downloads Encyclopedia,应用,,,⭐⭐⭐⭐,直接访问,大众,,
Free Crack Download,字面意思，谨慎使用,https://freecrackdownload.com/,便捷生活,资源,,尚可🙂,,应用,,,⭐⭐⭐,直接访问,小众,,
Clutch,一个商业公司和服务搜索平台，国内的公司收录不太完整,https://clutch.co/,便捷生活,工具,,推荐😀,B2B Ratings & Reviews,"商业, 导购, 应用",,,⭐⭐⭐⭐,直接访问,小众,,
FinancesOnline.com,FinancesOnline 是一个流行的SaaS/B2B软件和财务产品评论平台。在其商业软件目录中，提供了由专家和实际用户准备的广泛的软件评论基础，因此商业用户可以轻松地找到适合其公司的最佳解决方案。,https://financesonline.com/,便捷生活,工具,,推荐😀,Trusted SaaS Software Reviews,"商业, 导购, 应用",,,⭐⭐⭐⭐💡,直接访问,专业,,
mLook 看书,一个收录颇为完善的电子书资源分享平台,https://www.mlook.mobi/,便捷生活,资源,,推荐😀,,"书籍, 免费",,,⭐⭐⭐❤,直接访问,小众,,
XClient.info,一个收录相当完善的 Mac 软件介绍、购买和资源平台,https://xclient.info/,便捷生活,资源,,推荐😀,,"Mac, 应用",,,⭐⭐⭐❤,直接访问,小众,,
PDF Drive,,https://www.pdfdrive.com/,便捷生活,资源,,推荐😀,Search and download PDF files for free,书籍,,,⭐⭐⭐⭐,直接访问,大众,,
TechRadar Pro,一个针对电子消费产品和软件服务的导购网站，会提供产品的完整信息和购买建议,https://www.techradar.com/pro,便捷生活,信息,,尚可🙂,,"导购, 应用",,"https://www.notion.so/What-Hi-Fi-c9fa37c8e2b84532a9390b5438a90b87, https://www.notion.so/TechSpot-d1f254ccb8954cf79244c70dc422dcbe, https://www.notion.so/Software-Advice-d591c1c061e14f35bab80e60103f5a12, https://www.notion.so/Softonic-99c7896506334deeb79dfb62d6445e3c, https://www.notion.so/Softpedia-e1e67c5ef1004354b0addf17573836c1",⭐⭐⭐📚,直接访问,专业,5,
What Hi-Fi?,一个收录电子消费产品信息和相关评价的导购网站，同时会提供对于产品的专业性的购买意见,https://www.whathifi.com/us?region-switch=1591928496,便捷生活,信息,,推荐😀,Tech news and reviews,导购,,,⭐⭐⭐⭐,直接访问,小众,,
大数据导航,收录数据相关网站和资源的导航网站，收录的网站相当完善，质量也很高,http://hao.199it.com/,新闻阅读,信息,,推荐😀,大数据导航,"导航, 数据分析",,,⭐⭐⭐⭐📚,直接访问,专业,,
国外网站推荐,,https://www.egouz.com/,新闻阅读,信息,,一般😐,,导航,,,⭐⭐⭐,直接访问,大众,,
图翼网,,http://www.tuyiyi.com/hao/,创作设计,信息,,尚可🙂,"设计师导航 ","导航, 设计",,,⭐⭐⭐,直接访问,大众,,
阿猫阿狗导航,人人都是产品经理推出的导航网站，为产品，运营和设计提推荐工具和资源,https://dh.woshipm.com/,产品运营,信息,,推荐😀,产品设计运营网址导航,"产品, 导航, 运营",,,⭐⭐⭐⭐,直接访问,大众,,
优设导航,专注于设计的导航网站，收录了很多资源、工具和教程，收录信息非常丰富。,http://hao.uisdc.com/,创作设计,信息,,推荐😀,设计师网站导航,"导航, 设计",,,⭐⭐⭐⭐,直接访问,大众,,
去瞧瞧导航,一个用于创业者寻找和学习信息的的导航网站,http://www.quqiaoqiao.com/,投资商业,信息,,一般😐,互联网创业者网址导航,"创业, 导航",,,⭐⭐⭐,直接访问,小众,,
安全导航,安全行业的导航网站，收录了安全行业的相关网站和资源,https://www.aqdh.com/,编程开发,信息,,尚可🙂,网络安全导航,"导航, 网络安全",,,⭐⭐⭐,直接访问,专业,,
创造狮导航,为创意工作者提供帮助的综合性导航网站，收录了丰富的工具和资源，为设计，产品，运营和前端开发者提供了专业的帮助,http://chuangzaoshi.com/,创作设计,信息,,推荐😀,创意工作者导航,"导航, 设计",,,⭐⭐⭐⭐,直接访问,大众,,
StackShare,StackShare 将所有最好的开源、软件即服务（SaaS）工具和开发者工具都集中在一个地方，由开发者和使用它们的公司进行排名。比较和浏览来自世界各地数千家公司和软件开发者的技术堆栈。,https://stackshare.io/,效率工具,工具,14,力荐😊,Software and technology stacks used by top companies,"应用, 社区",,,⭐⭐⭐⭐⭐,直接访问,专业,,Top30
二十次幂,,https://www.ershicimi.com/,产品运营,工具,,一般😐,专业微信公众号数据分析平台,"创业, 数据分析, 运营",,,⭐⭐⭐,直接访问,大众,,
Intense Minimalism,,https://intenseminimalism.com/,产品运营,信息,,推荐😀,,"产品, 博客, 课程",,,⭐⭐⭐⭐,直接访问,小众,,
Developer Roadmaps,,https://roadmap.sh/,编程开发,方法,,推荐😀,,"博客, 知识, 路线图",,,⭐⭐⭐⭐,直接访问,专业,,
Story Wars,,https://www.storywars.net/,创作设计,工具,,推荐😀,,"Cool, 创作",,,⭐⭐⭐⭐,直接访问,大众,,
Educative,不同于视频的冗长拖沓，Educative 帮你快速高效地学习编程技能：基于文本的课程内容与在线的编程环境使学习变得轻而易举。,https://www.educative.io/,编程开发,课程,,推荐😀,Interactive Courses for Software Developers,"互动式, 在线IDE, 课程",,,⭐⭐⭐⭐,直接访问,大众,,
codiumclub – Medium,,https://medium.com/codiumclub,编程开发,信息,,推荐😀,"A club, Where Idea Matters","博客, 编程",,,⭐⭐⭐⭐,代理访问,专业,,
Microsoft Docs,,https://docs.microsoft.com/zh-cn/,编程开发,工具,,推荐😀,技术文档、API 和代码示例,"学习, 开发文档",,,⭐⭐⭐⭐,直接访问,专业,,
Icebreakers.io,,https://icebreakers.io/,便捷生活,资源,,推荐😀,"Icebreaker Questions for Groups, Friends, Adults, Work and more |","人际关系, 课程",,,⭐⭐⭐⭐,直接访问,大众,,
Goodreads,,https://www.goodreads.com/,持续学习,信息,,推荐😀,Meet your next favorite book,"书籍, 笔记, 阅读",,,⭐⭐⭐⭐,直接访问,小众,,
Future Timeline,,https://www.futuretimeline.net/,新闻阅读,信息,,推荐😀,Technology | Singularity | 2020 | 2050 | 2100 | 2150 | 2200 | 21st century | 22nd century | 23rd century | Humanity | Predictions | Events,未来,,,⭐⭐⭐⭐,直接访问,小众,,
Noisli,你的静谧角落，你可以混合多种不同的背景音乐，创造出适合工作和放松的音乐环境，帮你保持清醒，集中精神，提高工作效率。,https://www.noisli.com/,休闲娱乐,工具,,推荐😀,,"生活, 音乐",,,⭐⭐⭐⭐,直接访问,大众,,
Coffitivity,,https://coffitivity.com/,休闲娱乐,工具,,推荐😀,,"生活, 音乐",,,⭐⭐⭐⭐,代理访问,大众,,
Documentary Heaven,,https://documentaryheaven.com/,休闲娱乐,资源,,推荐😀,Watch Free Documentaries Online,"纪录片, 视频",,,⭐⭐⭐⭐,代理访问,大众,,
Nutrition charts and Food Comparison data,,https://foodstruct.com/,休闲娱乐,工具,,推荐😀,Nutrition charts and Food Comparison data,"生活, 营养",,,⭐⭐⭐⭐,直接访问,小众,,
Project Naptha,Project Naptha 将最先进的计算机视觉算法应用于我们在浏览网页时看到的每张图片，用以识别出图中深藏的文字，借助 Project Naptha，我们可以毫无障碍地突出显示、复制粘贴，甚至编辑翻译这些文字,https://projectnaptha.com/,效率工具,工具,,推荐😀,,"OCR, 图片",,,⭐⭐⭐⭐,直接访问,大众,,
sleepyti.me,这个网站可以帮你计算达到最佳睡眠所需要的睡觉和起床时间,https://sleepyti.me/,便捷生活,工具,,尚可🙂,bedtime calculator,"生活, 睡眠",,,⭐⭐⭐,直接访问,大众,,
Namechk,,https://namechk.com/,便捷生活,工具,,尚可🙂,"Username, Domain, and Trademark Search",搜索,,,⭐⭐⭐,直接访问,大众,,
Have I Been Pwned,,https://haveibeenpwned.com/,便捷生活,工具,,推荐😀,Check if your email has been compromised in a data breach,网络安全,,,⭐⭐⭐⭐,直接访问,小众,,
BetterExplained,大多数课程以线性的方式，提供过多的详细知识，Better Explained 则更专注于整体概念的介绍，然后渐进地补充相关细节，深入浅出，用更好更加符合直觉的方式解释晦涩难解的数学概念,https://betterexplained.com/,持续学习,课程,,推荐😀,Math lessons that click,"博客, 数学, 课程",,,⭐⭐⭐⭐,直接访问,大众,,
Wikibooks,,https://en.wikibooks.org/wiki/,持续学习,工具,,推荐😀,,"wiki, 书籍",,,⭐⭐⭐⭐,代理访问,专业,,
Wikidata,,https://www.wikidata.org/wiki/,持续学习,工具,,推荐😀,,"wiki, 数据集",,,⭐⭐⭐⭐,代理访问,专业,,
"Wikinews, the free news source",,https://en.wikinews.org/wiki/,新闻阅读,新闻,,推荐😀,,wiki,,,⭐⭐⭐⭐,代理访问,专业,,
Wiktionary,,https://www.wiktionary.org/,便捷生活,工具,,推荐😀,,"wiki, 字典",,,⭐⭐⭐⭐,代理访问,专业,,
Google Mirror - I'm elgooG,一个神奇的网站，谷歌的镜像，无时不刻都在致敬那些互联网历史上那些经典的时刻,https://elgoog.im/,休闲娱乐,工具,,推荐😀,The Mirror of Google,Cool,,,⭐⭐⭐⭐💡,直接访问,大众,,
Animagraffs,一个相当牛逼的可视化科普网站，通过可交互的信息图形式阐述概念，类似于中国的回形针,https://animagraffs.com/,持续学习,课程,,推荐😀,Animated infographics about everything.,"信息图, 可视化, 课程",,,⭐⭐⭐⭐,代理访问,小众,,
Hacker Typer,,https://hackertyper.net/,休闲娱乐,工具,,尚可🙂,,"Cool, 模拟",,,⭐⭐⭐💡,直接访问,小众,,
Fluently,跨越语言障碍，和不同文化的人分享和交流，感受更广阔的世界,https://fluently.so/,便捷生活,工具,,推荐😀,Write fluently in any language,"创作, 翻译",,,⭐⭐⭐⭐,代理访问,大众,,
The Online Slang Dictionary,一个在线俚语字典网站,http://onlineslangdictionary.com/,持续学习,工具,,尚可🙂," Real definitions. Real slang","俚语, 字典",,,⭐⭐⭐,直接访问,专业,,
新媒矿品牌导航,,http://hao.xinmeikuang.com/,产品运营,信息,,尚可🙂,新媒体品牌传播资源平台,"导航, 新媒体, 运营",,,⭐⭐⭐⭐,直接访问,专业,,
Online Tech Tips,,https://www.online-tech-tips.com/,便捷生活,技巧,,推荐😀,Computer Tips from a Computer Guy,"Tips, 博客, 数码",,,⭐⭐⭐⭐,直接访问,小众,,
TechSpot,,https://www.techspot.com/,便捷生活,技巧,,推荐😀," Tech Enthusiasts, Power Users, Gamers","Tips, 博客, 数码",,,⭐⭐⭐⭐,直接访问,小众,,
Computer Hope's Free Computer Help,,https://www.computerhope.com/,便捷生活,技巧,,推荐😀,,"Tips, 博客, 数码",,,⭐⭐⭐⭐,直接访问,小众,,
考拉新媒体导航,,https://www.kaolamedia.com/,产品运营,信息,,尚可🙂,新媒体人的专属门户网站,"导航, 新媒体, 运营",,,⭐⭐⭐⭐,直接访问,专业,,
Crazy Egg,,https://www.crazyegg.com/blog/,产品运营,信息,,尚可🙂,Website and Conversion Optimization Blog,"创业, 博客, 运营",,,⭐⭐⭐,直接访问,专业,,
The Balance Small Business,,https://www.thebalancesmb.com/,产品运营,信息,,尚可🙂,,"创业, 博客, 运营",,,⭐⭐⭐,直接访问,专业,,
HubSpot Blog,,https://blog.hubspot.com/,产品运营,信息,,尚可🙂,"Marketing, Sales, Agency, and Customer Success Content","博客, 新媒体, 运营",,,⭐⭐⭐⭐,代理访问,专业,,
Matter,一站式的用户反馈收集、整理和解答平台,https://matterapp.com/,产品运营,工具,54,力荐😊,The Future of Feedback Starts with Matter,"UX, 用户研究, 设计",,,⭐⭐⭐⭐❤,直接访问,专业,,
RiskAMP,RiskAMP 是一款适用于 Microsoft Excel 的全功能蒙特卡洛模拟引擎插件,https://riskamp.com/,投资商业,工具,,尚可🙂,The RiskAMP Monte Carlo Add-in for Excel,"投资, 风险管理",,,⭐⭐⭐📚,直接访问,专业,,
UX Design Weekly,每周获得一份精心挑选的最佳用户体验设计链接列表。由Kenny Chen策划，每周一发布。,http://uxdesignweekly.com/,产品运营,方法,,推荐😀,The Best UX Design Links Each Week,"UX, 产品, 博客",,,⭐⭐⭐💡,代理访问,专业,,
UserTesting,无论您在哪里工作，都可以收到来自真实客户的实时反馈。因此，您可以创造出能获得真正符合用户预期的产品体验。,https://www.usertesting.com/,产品运营,工具,,推荐😀,The Human Insight Platform,"产品管理, 用户研究",,,⭐⭐⭐⭐,直接访问,专业,,
Hotjar,了解用户如何真正体验你的网站，而不只是淹没在统计数字中。,https://www.hotjar.com/,产品运营,工具,,推荐😀,Website Heatmaps & Behavior Analytics Tools,"产品管理, 用户研究",,,⭐⭐⭐💡,直接访问,专业,,
Mind the Product,为全球最大的产品经理、设计师和开发人员提供会议、培训和内容。,https://www.mindtheproduct.com/,产品运营,博客,,推荐😀,"Conferences, training, and content for the world’s largest community of product managers, designers, and developers.","产品管理, 博客, 社区",,,⭐⭐⭐📚,直接访问,专业,,
Inside Intercom,关于产品设计、营销运营的一系列文章,https://www.intercom.com/blog/,产品运营,博客,,推荐😀,"Articles on Sales, Marketing, Support and more","产品, 运营",,,⭐⭐⭐⭐,直接访问,专业,,
Content Marketing Stack,内容营销资源和教程的精选目录,https://www.contentmarketingstack.co/,产品运营,方法,,推荐😀,A curated directory of content marketing resources & tutorials.,"检查列表, 社交媒体, 运营",,,⭐⭐⭐💡,直接访问,专业,,
App Marketing Stack,一个关于App营销和移动增长的工具和资源的精选目录,http://appmarketingstack.com/,产品运营,方法,,推荐😀,,"产品, 检查列表, 运营",,,⭐⭐⭐❤,直接访问,专业,,
UI-Patterns.com,用户界面设计模式是解决常见设计问题的重复性解决方案。设计模式是有经验的用户界面设计师的标准参考点。,https://ui-patterns.com/,创作设计,资源,,尚可🙂,,"博客, 设计, 设计规范",,,⭐⭐⭐,直接访问,专业,,
价值投资导航,收集了价值投资相关的一些网站工具和信息，价值投资者们可以关注,http://value500.com/,投资商业,工具,,尚可🙂,学习价值投资从value500投资导航开始！,"导航, 投资",,,⭐⭐⭐,直接访问,小众,,
GatherSpace,一个聚焦于发布需求管理文章的博客,https://www.gatherspace.com/,产品运营,信息,,尚可🙂,Requirements Management and Software Reviews,产品管理,,,⭐⭐⭐,直接访问,专业,,
Khan Academy,作为最早成立的在线学习网站之一，可汗学院为所有年龄段的学生提供许多学科的免费学习资源，并为教师和家长提供免费工具，以学习监测进度并指导学生。,https://www.khanacademy.org/,持续学习,课程,28,力荐😊,"Free Online Courses, Lessons & Practice","学习, 方法, 视频, 课程",,,⭐⭐⭐⭐⭐,直接访问,大众,,Top30
BrainPOP,BrainPOP提供近900个课程主题的内容，包括核心科目以及艺术、健康和技术。每个主题都是一部奇异的、适合全年龄的科普动画。BrainPOP平台鼓励整体性思维，提高认知和读写能力，鼓励学生进行批判性和创造性的思考。,https://www.brainpop.com/,持续学习,课程,,推荐😀,Create More “Aha!” Moments Together,"K12, 学习, 方法, 视频, 课程",,,⭐⭐⭐⭐,直接访问,入门,,
Open Yale Courses,耶鲁公开课 (OYC) 为公众开发免费，开放，人人皆可访问的大学课程，这些课程都在耶鲁的课堂上录制，同时提供多种形式的版本供用户学习。,https://oyc.yale.edu/,持续学习,课程,,推荐😀,,"名校, 学习",,,⭐⭐⭐⭐,直接访问,大众,,
AcademicEarth.org,,https://academicearth.org/,持续学习,课程,,,Free Online Courses From Top Colleges,,,,,,大众,,
eLearning Industry,"At eLearning Industry you will find the best collection of eLearning articles, eLearning concepts, eLearning software, and eLearning resources.",https://elearningindustry.com/,持续学习,课程,,,"At eLearning Industry you will find the best collection of eLearning articles, eLearning concepts, eLearning software, and eLearning resources.",,,,,,大众,,
Urban Dictionary,一个知名的俚语字典网站，当然也经常和各种政治不正确词汇挂钩,https://www.urbandictionary.com/,效率工具,工具,,尚可🙂,,字典,,,⭐⭐⭐,代理访问,通用,,
Drawspace,如果你想学习绘画或提高你的技术，Drawspace有免费和付费的自学，以及互动的、教师指导的课程。,https://drawspace.com/,持续学习,课程,,推荐😀,Everyone Can Draw,"学习, 绘图, 设计",,,⭐⭐⭐⭐,直接访问,小众,,
Dave Conservatoire,"戴夫音乐学院是一所完全免费的在线音乐学校，提供 ""世界一流的音乐教育""，并提供视频课程和练习测试。",https://www.daveconservatoire.org/,持续学习,课程,,推荐😀,The world's free music school,"免费, 学习, 艺术, 视频, 音乐",,,⭐⭐⭐⭐,直接访问,专业,,
Best College Reviews,Best College Reviews 是一家权威、客观、独立编辑的大学评论网站，致力于为学生提供相关的、值得信赖的升学指导。在这里，你可以查看从大学评价、专业评价、课程评价等对于网上课程的全方面信息,https://www.bestcollegereviews.org/,持续学习,工具,,推荐😀,,"学习, 学校, 评估",,,⭐⭐⭐⭐,直接访问,通用,,
JustinGuitar,The Justin Guitar 拥有超过800节免费的吉他课程，其中包括抄写、音阶、琶音、耳朵训练、和弦、录音技术和吉他装备，还提供各种高级付费移动应用程序和内容（书籍/电子书、DVD、下载）,https://www.justinguitar.com/,便捷生活,课程,,推荐😀,"The Justin Guitar site boasts over 800 free guitar lessons which cover transcribing, scales, arpeggios, ear training, chords, recording tech and guitar gear, and also offers a variety of premium paid mobile apps and content (books/ ebooks, DVDs, downloads).","免费, 学习, 艺术, 课程",,,⭐⭐⭐⭐,直接访问,通用,,
Cognitive Class,Big Data University 通过教师和专业人士开发的免费和付费课程，涵盖大数据分析和数据科学。,https://cognitiveclass.ai/,编程开发,课程,,一般😐,Data Science and Cognitive Computing Courses,"AI, 学习, 学习路径",,,⭐⭐⭐,直接访问,专业,,
Hack Design,Hack Design 在全球几十位设计师的帮助下，通过策划多个有价值的资源（博客、书籍、游戏、视频和教程），整理出了一个由50个单元组成的课程计划（每个单元都有一篇或多篇文章和/或视频），内容涉及Web、移动应用等设计，这些课程全部免费。,https://hackdesign.org/,创作设计,课程,37,力荐😊,"Design lessons for everyone, curated by top designers","免费, 博客, 学习, 设计",,,⭐⭐⭐⭐📚,直接访问,通用,,Top50
Skillcrush,"Skillcrush 针对编程和设计领域感兴趣的人，不需要任何专业背景，提供专业的网页设计和开发课程，包括短小易学的模块和为期3个月的 ""职业蓝图""，帮助学生专注于自己的职业发展。",https://skillcrush.com/,持续学习,课程,,推荐😀," Learn to code. Land the job. Change your life.","编程, 设计, 课程",,,⭐⭐⭐⭐,直接访问,通用,,
Scratch,来自麻省理工学院的 Scratch 是一个面向儿童的创意学习网站，其中包括从太阳系介绍到纸飞机再到音乐合成器等多种多样的项目。,https://scratch.mit.edu/,编程开发,课程,45,力荐😊," Imagine, Program, Share","K12, 学习, 课程",,,⭐⭐⭐⭐⭐,直接访问,入门,,Top50
Udemy,Udemy 提供的大多是付费视频教程，内容广泛，包括个人发展、设计、营销、生活方式、摄影、软件、健康、音乐、语言等通用主题。,https://www.udemy.com/,持续学习,课程,,推荐😀,时间自由，学您想学,"名校, 学习, 课程",,,⭐⭐⭐⭐⭐,直接访问,通用,,
e-learning for kids,E-learning for Kids为5-12岁的孩子提供小学课程，课程主题包括数学、科学、计算机、环境、健康、语言、生活技能等。,https://www.e-learningforkids.org/,持续学习,课程,,推荐😀,"E-learning for Kids offers elementary school courses for children ages 5-12 that cover curriculum topic including math, science, computer, environment, health, language, life skills and others.","K12, 学习, 课程",,,⭐⭐⭐⭐,直接访问,入门,,
ed2go,"Ed2go将他们的 ""平价 ""在线学习课程瞄准了成人，并与2100多所高校合作，提供这种虚拟但由教师主导的多类别培训",https://www.ed2go.com/,持续学习,课程,,一般😐,Online Courses and Certification Prep Classes,课程,,,⭐⭐⭐,代理访问,通用,,
GCFGlobal,GCFLearnFree.org是 Goodwill Community Foundation 和Goodwill Industries的一个项目，针对任何寻找现代技能的人，提供超过1000个课程和125个随时可以在线学习的教程，涵盖技术、计算机软件、阅读、数学、工作和职业等主题。,https://edu.gcfglobal.org/en/,持续学习,课程,,推荐😀,"http://gcflearnfree.org/ is a project of Goodwill Community Foundation and Goodwill Industries, targeting anyone look for modern skills, offering over 1,000 lessons and 125 tutorials available online at anytime, covering technology, computer software, reading, math, work and career and more.","学习, 视频, 课程",,,⭐⭐⭐⭐,直接访问,通用,,
Stack Exchange,StackExchange 包括数十个关联的网站，涵盖多个主题，包括与计算机技术相关的 Stack Overflow。提出一个有针对性的问题，从专业和爱好者同行那里得到答案，以提高你对某一主题的了解,https://stackexchange.com/,编程开发,信息,13,力荐😊,"StackExchange is one of several dozen Q+A sites covering multiple topics, including Stack Overflow, which is related to computer technology. Ask a targeted question, get answers from professional and enthusiast peers to improve what you already know about a topic.","学习, 社区, 课程",,,⭐⭐⭐⭐⭐,直接访问,通用,,Top30
HippoCampus,HippoCampus 结合了NROC项目、STEMbite、可汗学院、NM州学习游戏实验室等13个初中到大学科目的免费视频集锦，教师可免费使用账号。,https://www.hippocampus.org/,持续学习,课程,,一般😐,"Homework and Study Help - Free help with your algebra, biology, environmental science, American government, US history, physics and religion homework","K12, 学习, 教学, 课程",,,⭐⭐⭐,直接访问,入门,,
Howcast,Howcast 收录的休闲视频教程涵盖了生活方式、手工艺、烹饪、娱乐等一般话题。,https://www.howcast.com/,便捷生活,课程,,一般😐,The best how-to videos,"DIY, 学习, 视频",,,⭐⭐⭐,直接访问,大众,,
"SchoolTube ",SchoolTube是一个为K-12学生及其教育工作者提供的视频分享平台，注册用户代表着超过5万所学校，网站提供超过50万个视频。,https://www.schooltube.com/,持续学习,课程,,,Safe video sharing and management for K12,"K12, 学习, 视频, 课程",,,⭐⭐⭐,直接访问,入门,,
Instructables,Instructables是一个混合型的学习网站，提供免费的在线文字和视频操作说明，大多是实物DIY（自己动手）项目，涵盖了各种手工、科技、菜谱、游戏配件等。费用只在于项目材料）。,https://www.instructables.com/,效率工具,课程,,推荐😀,Yours for the making,"DIY, 学习, 课程",,,⭐⭐⭐⭐,代理访问,小众,,
DoItYourself.com,"Do It Yourself (DIY) focuses on how-tos primarily for home improvement, with the occasional tips on lifestyle and crafts topics.",https://www.doityourself.com/,便捷生活,课程,,推荐😀,DIY Home Improvement Information,"学习, 智能家居, 生活",,,⭐⭐⭐,代理访问,小众,,
Adafruit Learning System,如果你被创客运动迷住了，想学习如何制作基于 Arduino 的电子小工具，可以到Adafruit Learn网站查看免费教程,https://learn.adafruit.com/,编程开发,课程,,,,"创客, 学习",,,⭐⭐⭐,代理访问,极客,,
Grovo,如果你需要学习如何在工作中高效地使用各种Web应用，Grovo有付费（订阅，有免费介绍）的视频教程，介绍数百个网站的最佳实践。,https://www.grovo.com/,持续学习,课程,,,,"企业, 学习, 教学, 课程",,,⭐⭐⭐,直接访问,通用,,
edX,"edX 提供来自全球顶尖大学、学院和学校的免费课题，包括麻省理工学院和哈佛大学，许多课程都是经过 ""验证 ""的，只需支付象征性的最低费用就可以获得结业证书。",https://www.edx.org/,持续学习,课程,52,力荐😊,"Free Online Courses by Harvard, MIT, & more","名校, 学习, 课程",,,⭐⭐⭐⭐📚,直接访问,通用,,
MIT OpenCourseWare,MIT OpenCourseWare 是 OCW / Open Education Consortium的开山之作，在 2002年启动，网上提供了50门MIT真实课程的全部内容，后来包括了MIT的大部分课程设置--都是免费的，后来有数百家高等教育机构加入了自己的OCW课程资料。,https://ocw.mit.edu/,持续学习,课程,,推荐😀,Free Online Course Materials,"名校, 学习, 课程",,,⭐⭐⭐⭐,直接访问,通用,,
Stanford Online,"斯坦福在线是一个被称为 ""任何人、任何地方、任何时间 ""的免费课程集合，其中包括人权、语言、写作、经济学、统计学、物理学、工程学、软件、化学等众多主题。",https://online.stanford.edu/,持续学习,课程,,推荐😀,Learning for a Lifetime,"名校, 学习, 课程",,,⭐⭐⭐⭐,直接访问,通用,,
Harvard Open Learning Initiative,哈佛大学的OLI(Open Learning Initiative)为大众提供了一系列免费的视频课程(取自edX选题)，涵盖了一系列典型的大学主题，包括，艺术，历史，数学，统计，计算机科学等。,https://www.extension.harvard.edu/open-learning-initiative,持续学习,课程,,推荐😀,Free Online Courses,"名校, 学习, 课程",,,⭐⭐⭐⭐,直接访问,通用,,
Apple Developer,与苹果开发者中心一样，Google Code 主题比有限，但却是 Android 应用开发的良好文档和教程来源。,https://developer.apple.com/,编程开发,课程,,推荐😀,苹果开发者中心的课程主题可能非常具体，但对于那些想要为iOS Mobile、Mac OS X桌面和Safari Web应用开发应用的软件开发者来说，它是一个免费的文档和教程来源。,"开发文档, 编程, 课程",,,⭐⭐⭐⭐,直接访问,专业,,
Google Developers,与苹果开发者中心一样，Google Code 主题比有限，但却是 Android 应用开发的良好文档和教程来源。,https://developers.google.com/,编程开发,课程,,推荐😀,与苹果开发者中心一样，Google Code 主题比有限，但却是 Android 应用开发的良好文档和教程来源。,"开发文档, 编程, 课程",,,⭐⭐⭐⭐⭐,代理访问,专业,,
MDN,MDN（Mozilla Developer Network）HTML、CSS和JavaScript的网络开发教程，和其他学习资源，无论你是初学者还是专家都会有所收获,https://developer.mozilla.org/zh-CN/docs/Web,编程开发,课程,44,力荐😊,,"开发文档, 编程, 课程",,,⭐⭐⭐⭐⭐,直接访问,专业,,Top50
Code.org,"Code.org是 ""代码一小时 ""活动的主场，该活动的对象是教师和教育工作者以及各年龄段的学生（4-104岁），他们分别想教或学计算机编程，但又不知道从哪里开始。",https://code.org/,编程开发,课程,,推荐😀,Learn computer science. Change the world.,"K12, 教学, 编程, 课程",,,⭐⭐⭐⭐,直接访问,入门,,
NovoEd,"NovoEd 收集那些大多免费的 ""来自顶尖大学的思想领袖和杰出教授的课程""，并让今天的学员成为未来课程的导师。",https://www.novoed.com/,编程开发,课程,,,Online Learning Platform | Collaborative Learning for the Enterprise,"企业, 教学, 编程, 课程",,,⭐⭐⭐,直接访问,通用,,
CodeSchool,CodeSchool 为想在家学习的个人或在高中教师指导的班级学习的学生提供软件编码课程（通过订阅）CodeSchool 提供了相当完善的在线 IDE 体验，适合新手学习,https://codehs.com/,编程开发,课程,,推荐😀,Teach Coding and Computer Science at Your School,"编程, 课程",,,⭐⭐⭐,直接访问,入门,,
Gymnasium,Gymnasium 提供了一套小而全的免费网络相关课程计划，包括编码、设计和用户体验，但需要评估报名者对当前的知识的掌握程度，允许分数至少达到70%的人继续。,https://www.thegymnasium.com/,编程开发,课程,,一般😐,"Free online courses on design and web development ","编程, 设计, 评估, 课程",,,⭐⭐⭐,代理访问,小众,,
Trakt.tv,从您最喜爱的媒体中心自动跟踪您观看的每一部电视节目和电影。让您的所有设备保持同步，甚至跨不同的应用程序。安装插件并连接您的 Trakt 帐户即可开始,https://trakt.tv/,休闲娱乐,工具,,推荐😀,Automatically track TV & movies you're watching,视频,,,⭐⭐⭐,代理访问,通用,,
Softonic,Softonic 提供相当丰富的软件和应用资源免费下载，同时还收录了应用的描述信息和用户评论，以及可能的替代品，非常全面好用,https://en.softonic.com/,效率工具,资源,,推荐😀,"App news and reviews, best software downloads and discovery",应用,,,⭐⭐⭐⭐,直接访问,通用,,
Dropbox,Dropbox 是基于云存储功能的智能工作空间。我们将您团队的所有内容集中在一起，同时让您使用您喜爱的工具。我们还能帮助您解决杂乱无章的问题，让最重要的内容不被忽略,https://www.dropbox.com/,效率工具,工具,,推荐😀,,云存储,,,⭐⭐⭐⭐⭐,代理访问,小众,,
Wideo,帮助视频创作者创建专业的动画视频和演示文稿,https://wideo.co/,创作设计,工具,,推荐😀,Create Professional Animated Videos and Presentations,"动画, 视频, 设计",,,⭐⭐⭐⭐,代理访问,小众,,
百度AI开放平台,基于业内领先的深度学习技术，提供高度拟人、流畅自然的语音合成服务，支持在线、离线多种调用方式，满足泛阅读、订单播报、智能硬件等场景的语音播报需求,https://ai.baidu.com/tech/speech/tts,编程开发,工具,,推荐😀,,"AI, API, 开发平台, 开发文档",,,⭐⭐⭐⭐,直接访问,专业,,
RoaringApps,基于社区众包的 MacOS、iOS和Windows的应用兼容性和功能支持,https://roaringapps.com/,效率工具,工具,,一般😐,"Application compatibility & feature support for macOS, iOS & Windows ",应用,,,⭐⭐⭐,代理访问,小众,,
FlexJobs,发布和提供灵活工作安排的职位，关注 Work-Life Balance 的同学可以在这里寻找职位或者查看建议,https://www.flexjobs.com/,职场办公,工具,,推荐😀,The Best Remote Work From Home & Flexible Jobs,"工作, 灵活工作",,,⭐⭐⭐,直接访问,小众,,
Business News Daily,发布一些关于中小型公司企业管理和运营的文章和相关资源，创业者可以关注学习,https://www.businessnewsdaily.com/,投资商业,新闻,,推荐😀,Small Business Solutions & Inspiration,创业,,,⭐⭐⭐⭐,直接访问,小众,,
6Q Employee Feedback System,6Q 公司的博客，发布一些关于吸引员工和改善公司文化的文章。,https://inside.6q.io/page/2/,新闻阅读,信息,,尚可🙂,Insight and ideas from the 6Q team,"HR, 公司文化, 博客",,,⭐⭐⭐,直接访问,专业,,
DeepL,DeepL Translator，以世界领先的神经网络技术为动力，用最好的机器翻译来翻译您的文本。目前支持的英语、德语、法语、西班牙语、葡萄牙语、意大利语、荷兰语、波兰语、俄语、日语和中文等语言的互译。,https://www.deepl.com/home,效率工具,工具,8,力荐😊,,"AI, 翻译",https://www.notion.so/DeepL-ffdff22abd314813a03a04322f094430,,⭐⭐⭐⭐⭐,直接访问,通用,,Top10
AngelList,AngelList 是一个面向创业者和投资人的平台，体验创业生态系统，投资创业公司，研究发展最快的公司，并找到你喜欢的工作。,https://angel.co/,投资商业,工具,,推荐😀,Find Startup Jobs and Invest in Startups,"创业, 商业, 天使投资, 投资, 社区",,,⭐⭐⭐⭐⭐,代理访问,专业,,
知妖（中国妖怪百集）,知妖是一个开放的在线“妖怪”资料库。致力于收集、整理、介绍、分享古人文献中的“妖怪”。我们尽可能地收录古文献中的“妖怪”资料，让更多的人能够完整，系统地了解中国“妖怪”文化。,https://www.cbaigui.com/,新闻阅读,信息,,推荐😀,,,,,⭐⭐⭐⭐,直接访问,小众,,
Slant,Slant 由社区提供支持，帮助你做出明智的决定。告诉我们你热衷于什么，以获得你的个性化馈赠并帮助他人。堪称工具界的「什么值得买」,https://www.slant.co/,效率工具,工具,,推荐😀,Choose the best,"工具, 应用, 社区, 评估",,,⭐⭐⭐⭐,代理访问,专业,,
Worth Of Web,你可以使用我们 Worth Of Web 购买/创建，开发，跟踪和销售网站/网络业务,https://www.worthofweb.com/,投资商业,工具,,一般😐,"Buy/Create, Develop, Track, Sell Websites","商业, 运营",,,⭐⭐⭐,代理访问,专业,,
Hashnode,Hashnode 是一个无忧无虑的内容创建平台和社区，使您能够在自己的域名上免费发布文章。Google 和其他搜索引擎将流量发送到您的域名，Hashnode 上的读者会在他们的源中浏览和阅读您的帖子。,https://hashnode.com/,新闻阅读,信息,,推荐😀,,"博客, 社区, 阅读",,,⭐⭐⭐⭐,直接访问,大众,,
SitePoint,SitePoint是一个总部设在墨尔本的网站，也是为网络开发者提供书籍、课程和文章的出版商，你可以在这里阅读很多开发书籍,https://www.sitepoint.com/,编程开发,课程,,推荐😀,"Learn HTML, CSS, JavaScript, PHP, Ruby & Responsive Design","书籍, 学习, 编程, 课程",,,⭐⭐⭐⭐,直接访问,专业,,
LibHunt,浏览器端 JavaScript库、资源和其他有趣工具的集合,https://js.libhunt.com/,编程开发,资源,,推荐😀,Awesome JavaScript,"Javascript, 前端, 框架",,,⭐⭐⭐,代理访问,专业,,
Our Code World,Our Code World 于 2015 年 10 月启动，是编程领域非常简单、有时甚至很复杂问题的知识库。在这里，您将找到有关 Web 开发和其他高级编程语言（如 C# 和 Python）的教程和解决方案。,https://ourcodeworld.com/,编程开发,信息,,推荐😀,Welcome to Our Code World,"前端, 博客",,,⭐⭐⭐,代理访问,专业,,
Vuetify.js,Vuetify 是一个精雕细琢的Vue UI库，包含 Material Design 风格的组件。即使对设计一无所知，开发者也可以通过 Vuetify 创造出令人惊叹的应用程序。,https://vuetifyjs.com/en/,编程开发,工具,,推荐😀,Vue Material Design Component Framework,"前端, 框架",,,⭐⭐⭐⭐,直接访问,专业,,
Practice.dev,Practice.dev是一个程序员解决前端和/或后端等领域编程挑战的平台。所有任务都反映了你在实际工作中可能面临的问题。,https://practice.dev/challenges,编程开发,工具,,推荐😀,Practice.dev is a platform where programmers solve programming challenges from domains such as frontend and/or backend. All tasks reflect problems that you can face in real jobs.,"实战, 编程, 项目",,,⭐⭐⭐⭐,直接访问,专业,,
Abakcus,我们相信，学习新事物对幸福至关重要。Abakcus是关于数学和科学的完美资源的集合。在Abakcus上，你可以主动搜索并发现所有你要找的最好的文章、书籍、项目、视频和工具。,https://abakcus.com/,持续学习,信息,,推荐😀,Collection of the Best Mathematics and Science Stuff,"博客, 数学",,,⭐⭐⭐⭐,代理访问,极客,,
BuilderX,BuilderX 是一个基于浏览器的设计工具，同时支持 React Native 和 React,https://builderx.io/,创作设计,工具,,推荐😀,Design tool that codes React Native & React,前端,https://www.notion.so/Framer-7b7775fffa9b4445a01fa4fbc0ec2f2c,,⭐⭐⭐⭐,直接访问,专业,,
TheStreet,相当专业的投资和商业新闻网站,https://www.thestreet.com/,投资商业,新闻,,推荐😀,"Stock Market - Business News, Market Data, Stock Analysis -","商业, 投资",,,⭐⭐⭐⭐,直接访问,专业,,
Google AI,无论你是刚刚学会编码的初学者，还是经验丰富的机器学习从业者，你都能找到帮助你发展技能和推进项目的信息和练习。,https://ai.google/education/,编程开发,课程,,推荐😀,,AI,,,⭐⭐⭐⭐⭐,代理访问,专业,,
E-Student,互联网是 Z 世代学生们的栖身之所，而 E-Student 则是学生们学习和获得知识的最好平台,https://e-student.org/,持续学习,课程,53,力荐😊,"#1 Source for Online Learning Reviews & Analysis | ","学习, 社区, 课程",,,⭐⭐⭐⭐⭐,直接访问,大众,,
fast.ai course v3,从0到1学习 AI，如果你想学习 AI，但又厌倦了无止尽地学习背景知识，那我们就直接上手吧,https://course.fast.ai/index.html,编程开发,课程,,推荐😀,Practical Deep Learning for Coders,"AI, 深度学习",,,⭐⭐⭐,直接访问,专业,,
MIT Deep Learning 6.S191,麻省理工学院关于深度学习方法的入门课程，应用于计算机视觉、自然语言处理、生物学等领域！学生将获得深度学习算法的基础知识，并获得在TensorFlow中构建神经网络的实践经验。我们假设学生已经预先学习微积分（即取导数）和线性代数（即矩阵乘法）等相关课程，我们会试着沿途解释其他一切! 有Python的经验是有帮助的，但不是必须的,http://introtodeeplearning.com/,编程开发,课程,,推荐😀,麻省理工学院的官方介绍课程,"AI, 深度学习",,,⭐⭐⭐⭐💡,直接访问,专业,,
Class Central,Class Central 是非常好一个免费在线课程(也就是 MOOC 课程)的搜索引擎和评论网站，收录完善，使用方便,https://www.classcentral.com/,创作设计,课程,21,力荐😊," #1 Search Engine for Free Online Courses & MOOCs","学习, 搜索引擎, 课程",,,⭐⭐⭐⭐⭐,直接访问,通用,,Top30
Tutorial Kart,相当完备的在线学习网站，免费提供教程、在线培训、课程、资料和面试题；课程中的每个教程都是为初学者和高级程序员开发的，方便他们学习不同的编程语言，CRM软件，数据库，ERP 和其他许多课程,https://www.tutorialkart.com/,持续学习,课程,,一般😐,"Best Online Learning Site for Free Tutorials, Online Training, Courses, Materials and Interview Questions - SAP Tutorial, Salesforce Tutorial, Informatica Tutorial, Kotlin Tutorial, Kotlin Android Tutorial, Spark Tutorial, Kafka Tutorial, Node JS Tutorial","博客, 商业, 编程",,,⭐⭐⭐,直接访问,专业,,
Checklist Design,Checklist Design 收集那些最佳的 UI 和 UX 的实践：为大家分享易于访问的、功能性的、可生产的设计案例。,https://www.checklist.design/,创作设计,方法,,推荐😀,"Checklist Design features the best UI and UX practices for accessible, functional, production ready design.","博客, 检查列表, 设计",,"https://www.notion.so/Checklist-Design-6b8b57c68e1048fb9557ad58383213d6, https://www.notion.so/Product-Checklist-b84734a9848a4a8fa99b931661cf496c, https://www.notion.so/UX-Project-Checklist-4f0bc5c333d54e6dbcb7338efe9c7053",⭐⭐⭐⭐⭐,直接访问,专业,3,
Product Checklist,作者在学习如何构建产品的时候，发现了很多非常有用的文章、推文和工具。作者想让通过网站帮助其他人更容易找到这些产品资源。,https://www.productchecklist.co/,创作设计,工具,,推荐😀,A collection of best practices for building products,"产品管理, 博客, 设计",,,⭐⭐⭐⭐,直接访问,专业,,
Design Principles,principles.design 是一个学习和创造设计原则的地方,https://principles.design/,创作设计,工具,,推荐😀,principles.design is a place to learn about and create Design Principles,"博客, 设计法则, 设计规范",,,⭐⭐⭐⭐⭐,代理访问,专业,,
Laws of UX,用户体验法则是设计师在构建用户界面时可以考虑的规则和法则的集合。它由知名设计师 Jon Yablonski创作。,https://lawsofux.com/,创作设计,方法,,推荐😀,"Laws of UX is a collection of the maxims and principles that designers can consider when building user interfaces. It was created by Jon Yablonski.
The Book","博客, 设计规范",,,⭐⭐⭐⭐⭐,直接访问,专业,,
全历史,,https://www.allhistory.com/,新闻阅读,信息,,推荐😀,,"历史, 有趣, 课程",,,⭐⭐⭐⭐,直接访问,大众,,
Webflow,无需编码知识和技能，更快地建立更好的响应式的商业网站，是新一代的无代码建站工具。,https://webflow.com/,效率工具,工具,,推荐😀,"Responsive web design tool, CMS, and hosting platform","创业, 网站",,,⭐⭐⭐⭐💡,直接访问,通用,,
克苏鲁百科,一个关于克苏鲁神话创作素材的神仙网站,http://www.zuoyoo.com/index.html,创作设计,信息,,推荐😀,走进奇异魔幻的神话世界,"克苏鲁, 神话",,,⭐⭐⭐❤,直接访问,小众,,
秘塔写作猫,秘塔定位于AI x 专业场景，通过为专业人士的高频次专业场景进行技术训练（如：文书写作、法律翻译等）提供AI辅助，最大程度地提升专业人士的工作质量与效率。,https://xiezuocat.com/#/,创作设计,工具,,推荐😀,,"AI, 写作",,https://www.notion.so/49928b72ca6d40ee8027c8c358594c7e,⭐⭐⭐❤,直接访问,专业,1,
墨星写作网,一个相当完备的写作素材网站，相当完整和细致地收录了各种主题和场景的素材，同时提供写作教程，墨星不仅仅可以帮助你写小说，也广泛适合其他写作场景，例如大中小学的各种写作作业，职场人士的各种述职和描述性文档和活动策划，凡此种种，不一而足。,https://www.mx-xz.com/,创作设计,资源,,推荐😀,写作手法 小说写作软件 小说写作素材 教你写小说,写作,,,⭐⭐⭐❤,直接访问,大众,,
Statista,市场数据、市场调查和市场研究的商业统计数据门户网站。,https://www.statista.com/,投资商业,工具,33,力荐😊,,"市场调研, 数据分析",,,⭐⭐⭐⭐📚,直接访问,专业,,Top50
"Check Ratings of Businesses, Read Reviews & Buy - Sitejabber",一个用于评价其他各种各样的综合类评价网站，网站界的大众点评,https://www.sitejabber.com/,便捷生活,工具,,推荐😀,"Check Ratings of Businesses, Read Reviews & Buy","网站, 评价",,https://www.notion.so/Influenster-953c3493a9d445a3b9365f4677acb3c9,⭐⭐⭐💡,直接访问,通用,1,
Influenster,美国版的什么值得买，新一代的产品评价网站，从广大的消费者获取多达 4200万条产品评论,https://www.influenster.com/,便捷生活,工具,,推荐😀,"Product Reviews, Q&A, News, and Exclusive Offers","消费品, 社区, 评价",,,⭐⭐⭐❤,直接访问,大众,,
GoFans,,https://gofans.cn/,效率工具,信息,,尚可🙂,Apple正版软件限免优惠,,,,⭐⭐⭐❤,直接访问,小众,,
Crunchbase,Crunchbase 是所有公司洞察力的目的地。小到早期创业公司，大到财富1000 强企业，都在这里发现创业趋势，获取公司融资数据，寻找新的前景，击败竞争对手。,https://www.crunchbase.com/,产品运营,工具,17,力荐😊,Discover innovative companies and the people behind them,"产品, 创业, 数据分析",,,⭐⭐⭐⭐⭐,代理访问,大众,,Top30
知乎,虽然被不断被诟病内容「水化」，但是你必须承认的是，从诞生到现在，知乎一直处在中文互联网内容质量的高峰，它仍然有很多问题，但它的确已经帮助了很多人。作为一名老用户，只愿「不忘初心，方得始终」,https://www.zhihu.com/,新闻阅读,信息,7,力荐😊,,"知识, 社区, 问答",,,⭐⭐⭐⭐⭐,直接访问,通用,,Top10
Wikipedia,维基百科是一部自由的在线百科全书，由世界各地的志愿者创建和编辑，由维基媒体基金会主办。维基百科是现代互联网内容的最高峰，令人仰止。,https://www.wikipedia.org/,新闻阅读,信息,4,力荐😊,,"wiki, 知识, 阅读",,,⭐⭐⭐⭐⭐,代理访问,通用,,Top10
Morning Brew // Stories,,https://www.morningbrew.com/daily/stories,,,,,,,,,,,,,
豆瓣,豆瓣，很多时候被人称作「文青聚集地」，但是无论如何，这里收录着中文互联网最完整的书籍、电影信息和相应的短评和评论。豆瓣与生俱来的文艺气质让它成为一个绝好的怀旧场景，在风一般转瞬即逝的回忆里。,https://www.douban.com/,新闻阅读,信息,19,力荐😊,,"书籍, 社区, 阅读",,,⭐⭐⭐⭐❤,直接访问,小众,,Top30
DuckDuckGo,DuckDuckGo是一个强调保护搜索者隐私、避免个性化搜索结果的互联网搜索引擎,https://duckduckgo.com/,效率工具,工具,1,力荐😊,"Privacy, simplified.","搜索引擎, 网络安全",,,⭐⭐⭐⭐⭐,代理访问,通用,,Top10
Papaly,Papaly 是一个简单的社交话的书签管理工具，可以管理用户的所有链接。用户可以创建自定义板块和类别，同时分享和关注感兴趣的主题以发现新的内容。,https://papaly.com/,便捷生活,工具,3,力荐😊,,"书签管理, 导航",,,⭐⭐⭐⭐⭐,直接访问,通用,,Top10
"ConvertCSV.com - Convert CSV To JSON, XML, SQL, ...",,https://www.convertcsv.com/#landing,,,,推荐😀,,,,,,,,,
Handy Cheat Sheets – Microsoft Office | CustomGuide,,https://www.customguide.com/quick-reference,,,,,,,,,,,,,
Find open-source alternatives for your favorite apps | Opensource.builders,,https://opensource.builders/,,,,,,,,,,,,,
The Ultimate Profile For Developers - CodersRank,,https://codersrank.io/,,,,,,,,,,,,,
Youtube,这个不用介绍,https://www.youtube.com,休闲娱乐,信息,,力荐😊,,,,,⭐⭐⭐⭐⭐,代理访问,,,
Strategic Intelligence,Strategic Intelligence 为用户呈现来自世界经济论坛战略见解和背景情报。用于帮助用户探讨和监测推动各经济体、行业和系统转型变革的问题和力量。,https://intelligence.weforum.org/,新闻阅读,新闻,55,力荐😊,"Strategic insights and contextual intelligence from the World Economic Forum. Explore and monitor the issues and forces driving transformational change across economies, industries and systems.","战略, 洞见, 趋势",,,⭐⭐⭐⭐⭐,直接访问,专业,,
Feedly,Feedly 是一个备受好评的阅读源订阅管理网站，用户可以在这里添加和阅读感兴趣的新闻源，享受无缝的新闻阅读体验而无须担心广告打扰,https://feedly.com/,新闻阅读,新闻,54,力荐😊,,阅读,,,⭐⭐⭐⭐💡,代理访问,小众,,Top100
Microsoft Office 主页,,https://www.office.com/?auth=1,,,,,,,https://www.notion.so/Microsoft-Word-99b9f2811e2247d380c8e59489bfa8a4,,,,,,
iCloud,,https://www.icloud.com/,,,,,,,,,,,,,
The Hacker News - Cybersecurity News and Analysis,,https://thehackernews.com/,,,,,,,,,,,,,
"Clearbit - B2B Lead Data Enrichment, Qualification & Scoring | Company Lookup | Account Based Marketing | Form Autofill Solutions",,https://clearbit.com/,,,,,,,,,,,,,
Email Finder & Email Verification Tool - FindEmails.com,,https://www.findemails.com/,,,,,,,,,,,,,
Robotic Process Automation | UiPath,,https://www.uipath.com/,,,,,,,,,,,,,
"Knowledge Graph, AI Web Data Extraction and Crawling | Diffbot",,https://www.diffbot.com/,,,,,,,,,,,,,
"Web Scraping, Data Extraction and Automation · Apify",,https://apify.com/,,,,,,,,,,,,,
"Clearbit - B2B Lead Data Enrichment, Qualification & Scoring | Company Lookup | Account Based Marketing | Form Autofill Solutions",,https://clearbit.com/,,,,,,,,,,,,,
今日热榜官网,,https://tophub.today/,,,,,,,,,,,,,
SocialBeta | 社交媒体和数字营销内容与招聘平台,,https://socialbeta.com/,,,,,,,,,,,,,
鱼塘热榜,,https://mo.fish/,,,,,,,,,,,,,
"Linux News, Machine Learning, Programming, Data Science | UbuntuPIT",,https://www.ubuntupit.com/,,,,,,,,,,,,,
Abbreviations.com,,https://www.abbreviations.com/,,,,,,,,,,,,,
Acronyms and Abbreviations,,https://acronyms.thefreedictionary.com/,,,,,,,,,,,,,
MoneyWise - We help you understand personal finance and get ahead,,https://moneywise.com/,,,,,,,,,,,,,